emp_no,birth_date,first_name,last_name,gender,hire_date,from_date,to_date,salary,dept_name
10011,07-11-1953,Mary,Sluis,F,22-01-1990,22-01-1990,09-11-1996,42365,Customer Service
10011,07-11-1953,Mary,Sluis,F,22-01-1990,22-01-1990,09-11-1996,44200,Customer Service
10011,07-11-1953,Mary,Sluis,F,22-01-1990,22-01-1990,09-11-1996,48214,Customer Service
10011,07-11-1953,Mary,Sluis,F,22-01-1990,22-01-1990,09-11-1996,50927,Customer Service
10011,07-11-1953,Mary,Sluis,F,22-01-1990,22-01-1990,09-11-1996,51470,Customer Service
10011,07-11-1953,Mary,Sluis,F,22-01-1990,22-01-1990,09-11-1996,54545,Customer Service
10011,07-11-1953,Mary,Sluis,F,22-01-1990,22-01-1990,09-11-1996,56753,Customer Service
10038,20-07-1960,Huan,Lortz,M,20-09-1989,20-09-1989,01-01-9999,40000,Customer Service
10038,20-07-1960,Huan,Lortz,M,20-09-1989,20-09-1989,01-01-9999,43527,Customer Service
10038,20-07-1960,Huan,Lortz,M,20-09-1989,20-09-1989,01-01-9999,46509,Customer Service
10038,20-07-1960,Huan,Lortz,M,20-09-1989,20-09-1989,01-01-9999,49874,Customer Service
10038,20-07-1960,Huan,Lortz,M,20-09-1989,20-09-1989,01-01-9999,52969,Customer Service
10038,20-07-1960,Huan,Lortz,M,20-09-1989,20-09-1989,01-01-9999,56629,Customer Service
10038,20-07-1960,Huan,Lortz,M,20-09-1989,20-09-1989,01-01-9999,58079,Customer Service
10038,20-07-1960,Huan,Lortz,M,20-09-1989,20-09-1989,01-01-9999,60322,Customer Service
10038,20-07-1960,Huan,Lortz,M,20-09-1989,20-09-1989,01-01-9999,62274,Customer Service
10038,20-07-1960,Huan,Lortz,M,20-09-1989,20-09-1989,01-01-9999,62517,Customer Service
10038,20-07-1960,Huan,Lortz,M,20-09-1989,20-09-1989,01-01-9999,62458,Customer Service
10038,20-07-1960,Huan,Lortz,M,20-09-1989,20-09-1989,01-01-9999,64238,Customer Service
10038,20-07-1960,Huan,Lortz,M,20-09-1989,20-09-1989,01-01-9999,64254,Customer Service
10049,24-04-1961,Basil,Tramer,F,04-05-1992,04-05-1992,01-01-9999,40000,Customer Service
10049,24-04-1961,Basil,Tramer,F,04-05-1992,04-05-1992,01-01-9999,39735,Customer Service
10049,24-04-1961,Basil,Tramer,F,04-05-1992,04-05-1992,01-01-9999,40484,Customer Service
10049,24-04-1961,Basil,Tramer,F,04-05-1992,04-05-1992,01-01-9999,41291,Customer Service
10049,24-04-1961,Basil,Tramer,F,04-05-1992,04-05-1992,01-01-9999,41301,Customer Service
10049,24-04-1961,Basil,Tramer,F,04-05-1992,04-05-1992,01-01-9999,41957,Customer Service
10049,24-04-1961,Basil,Tramer,F,04-05-1992,04-05-1992,01-01-9999,41788,Customer Service
10049,24-04-1961,Basil,Tramer,F,04-05-1992,04-05-1992,01-01-9999,44620,Customer Service
10049,24-04-1961,Basil,Tramer,F,04-05-1992,04-05-1992,01-01-9999,45933,Customer Service
10049,24-04-1961,Basil,Tramer,F,04-05-1992,04-05-1992,01-01-9999,48575,Customer Service
10049,24-04-1961,Basil,Tramer,F,04-05-1992,04-05-1992,01-01-9999,51326,Customer Service
10060,15-10-1961,Breannda,Billingsley,M,02-11-1987,11-11-1992,01-01-9999,74686,Customer Service
10060,15-10-1961,Breannda,Billingsley,M,02-11-1987,11-11-1992,01-01-9999,75594,Customer Service
10060,15-10-1961,Breannda,Billingsley,M,02-11-1987,11-11-1992,01-01-9999,77772,Customer Service
10060,15-10-1961,Breannda,Billingsley,M,02-11-1987,11-11-1992,01-01-9999,78393,Customer Service
10060,15-10-1961,Breannda,Billingsley,M,02-11-1987,11-11-1992,01-01-9999,77964,Customer Service
10060,15-10-1961,Breannda,Billingsley,M,02-11-1987,11-11-1992,01-01-9999,78057,Customer Service
10060,15-10-1961,Breannda,Billingsley,M,02-11-1987,11-11-1992,01-01-9999,78983,Customer Service
10060,15-10-1961,Breannda,Billingsley,M,02-11-1987,11-11-1992,01-01-9999,79900,Customer Service
10060,15-10-1961,Breannda,Billingsley,M,02-11-1987,11-11-1992,01-01-9999,79684,Customer Service
10060,15-10-1961,Breannda,Billingsley,M,02-11-1987,11-11-1992,01-01-9999,84052,Customer Service
10060,15-10-1961,Breannda,Billingsley,M,02-11-1987,11-11-1992,01-01-9999,85960,Customer Service
10060,15-10-1961,Breannda,Billingsley,M,02-11-1987,11-11-1992,01-01-9999,87773,Customer Service
10060,15-10-1961,Breannda,Billingsley,M,02-11-1987,11-11-1992,01-01-9999,89769,Customer Service
10060,15-10-1961,Breannda,Billingsley,M,02-11-1987,11-11-1992,01-01-9999,93188,Customer Service
10088,25-02-1954,Jungsoon,Syrzycki,F,02-09-1988,21-03-1992,01-01-9999,65957,Customer Service
10088,25-02-1954,Jungsoon,Syrzycki,F,02-09-1988,21-03-1992,01-01-9999,67837,Customer Service
10088,25-02-1954,Jungsoon,Syrzycki,F,02-09-1988,21-03-1992,01-01-9999,70774,Customer Service
10088,25-02-1954,Jungsoon,Syrzycki,F,02-09-1988,21-03-1992,01-01-9999,70709,Customer Service
10088,25-02-1954,Jungsoon,Syrzycki,F,02-09-1988,21-03-1992,01-01-9999,73858,Customer Service
10088,25-02-1954,Jungsoon,Syrzycki,F,02-09-1988,21-03-1992,01-01-9999,78302,Customer Service
10088,25-02-1954,Jungsoon,Syrzycki,F,02-09-1988,21-03-1992,01-01-9999,79993,Customer Service
10088,25-02-1954,Jungsoon,Syrzycki,F,02-09-1988,21-03-1992,01-01-9999,79519,Customer Service
10088,25-02-1954,Jungsoon,Syrzycki,F,02-09-1988,21-03-1992,01-01-9999,83755,Customer Service
10088,25-02-1954,Jungsoon,Syrzycki,F,02-09-1988,21-03-1992,01-01-9999,84024,Customer Service
10088,25-02-1954,Jungsoon,Syrzycki,F,02-09-1988,21-03-1992,01-01-9999,87639,Customer Service
10088,25-02-1954,Jungsoon,Syrzycki,F,02-09-1988,21-03-1992,01-01-9999,91296,Customer Service
10088,25-02-1954,Jungsoon,Syrzycki,F,02-09-1988,21-03-1992,01-01-9999,95451,Customer Service
10088,25-02-1954,Jungsoon,Syrzycki,F,02-09-1988,21-03-1992,01-01-9999,98003,Customer Service
10098,23-09-1961,Sreekrishna,Servieres,F,13-05-1985,29-06-1989,11-12-1992,40000,Customer Service
10098,23-09-1961,Sreekrishna,Servieres,F,13-05-1985,29-06-1989,11-12-1992,41426,Customer Service
10098,23-09-1961,Sreekrishna,Servieres,F,13-05-1985,29-06-1989,11-12-1992,45147,Customer Service
10098,23-09-1961,Sreekrishna,Servieres,F,13-05-1985,29-06-1989,11-12-1992,48625,Customer Service
10098,23-09-1961,Sreekrishna,Servieres,F,13-05-1985,29-06-1989,11-12-1992,49228,Customer Service
10098,23-09-1961,Sreekrishna,Servieres,F,13-05-1985,29-06-1989,11-12-1992,51404,Customer Service
10098,23-09-1961,Sreekrishna,Servieres,F,13-05-1985,29-06-1989,11-12-1992,53646,Customer Service
10098,23-09-1961,Sreekrishna,Servieres,F,13-05-1985,29-06-1989,11-12-1992,56202,Customer Service
10112,13-08-1963,Yuichiro,Swick,F,08-10-1985,01-05-1998,01-01-9999,49500,Customer Service
10112,13-08-1963,Yuichiro,Swick,F,08-10-1985,01-05-1998,01-01-9999,51558,Customer Service
10112,13-08-1963,Yuichiro,Swick,F,08-10-1985,01-05-1998,01-01-9999,55935,Customer Service
10112,13-08-1963,Yuichiro,Swick,F,08-10-1985,01-05-1998,01-01-9999,59291,Customer Service
10112,13-08-1963,Yuichiro,Swick,F,08-10-1985,01-05-1998,01-01-9999,61070,Customer Service
10115,25-12-1964,Chikara,Rissland,M,23-01-1986,03-03-1988,24-05-1992,40000,Customer Service
10115,25-12-1964,Chikara,Rissland,M,23-01-1986,03-03-1988,24-05-1992,40143,Customer Service
10115,25-12-1964,Chikara,Rissland,M,23-01-1986,03-03-1988,24-05-1992,43830,Customer Service
10115,25-12-1964,Chikara,Rissland,M,23-01-1986,03-03-1988,24-05-1992,45032,Customer Service
10115,25-12-1964,Chikara,Rissland,M,23-01-1986,03-03-1988,24-05-1992,47429,Customer Service
10126,07-08-1954,Kayoko,Valtorta,M,08-09-1985,08-09-1985,01-01-9999,40000,Customer Service
10126,07-08-1954,Kayoko,Valtorta,M,08-09-1985,08-09-1985,01-01-9999,42422,Customer Service
10126,07-08-1954,Kayoko,Valtorta,M,08-09-1985,08-09-1985,01-01-9999,44369,Customer Service
10126,07-08-1954,Kayoko,Valtorta,M,08-09-1985,08-09-1985,01-01-9999,46618,Customer Service
10126,07-08-1954,Kayoko,Valtorta,M,08-09-1985,08-09-1985,01-01-9999,48304,Customer Service
10126,07-08-1954,Kayoko,Valtorta,M,08-09-1985,08-09-1985,01-01-9999,50043,Customer Service
10126,07-08-1954,Kayoko,Valtorta,M,08-09-1985,08-09-1985,01-01-9999,53369,Customer Service
10126,07-08-1954,Kayoko,Valtorta,M,08-09-1985,08-09-1985,01-01-9999,53999,Customer Service
10126,07-08-1954,Kayoko,Valtorta,M,08-09-1985,08-09-1985,01-01-9999,58390,Customer Service
10126,07-08-1954,Kayoko,Valtorta,M,08-09-1985,08-09-1985,01-01-9999,62074,Customer Service
10126,07-08-1954,Kayoko,Valtorta,M,08-09-1985,08-09-1985,01-01-9999,66149,Customer Service
10126,07-08-1954,Kayoko,Valtorta,M,08-09-1985,08-09-1985,01-01-9999,67842,Customer Service
10126,07-08-1954,Kayoko,Valtorta,M,08-09-1985,08-09-1985,01-01-9999,71295,Customer Service
10126,07-08-1954,Kayoko,Valtorta,M,08-09-1985,08-09-1985,01-01-9999,73322,Customer Service
10126,07-08-1954,Kayoko,Valtorta,M,08-09-1985,08-09-1985,01-01-9999,74352,Customer Service
10126,07-08-1954,Kayoko,Valtorta,M,08-09-1985,08-09-1985,01-01-9999,73958,Customer Service
10126,07-08-1954,Kayoko,Valtorta,M,08-09-1985,08-09-1985,01-01-9999,77310,Customer Service
10128,15-02-1958,Babette,Lamba,F,06-06-1988,06-06-1988,01-01-9999,40000,Customer Service
10128,15-02-1958,Babette,Lamba,F,06-06-1988,06-06-1988,01-01-9999,40741,Customer Service
10128,15-02-1958,Babette,Lamba,F,06-06-1988,06-06-1988,01-01-9999,42211,Customer Service
10128,15-02-1958,Babette,Lamba,F,06-06-1988,06-06-1988,01-01-9999,42503,Customer Service
10128,15-02-1958,Babette,Lamba,F,06-06-1988,06-06-1988,01-01-9999,42476,Customer Service
10128,15-02-1958,Babette,Lamba,F,06-06-1988,06-06-1988,01-01-9999,44527,Customer Service
10128,15-02-1958,Babette,Lamba,F,06-06-1988,06-06-1988,01-01-9999,44220,Customer Service
10128,15-02-1958,Babette,Lamba,F,06-06-1988,06-06-1988,01-01-9999,45522,Customer Service
10128,15-02-1958,Babette,Lamba,F,06-06-1988,06-06-1988,01-01-9999,46326,Customer Service
10128,15-02-1958,Babette,Lamba,F,06-06-1988,06-06-1988,01-01-9999,49505,Customer Service
10128,15-02-1958,Babette,Lamba,F,06-06-1988,06-06-1988,01-01-9999,53820,Customer Service
10128,15-02-1958,Babette,Lamba,F,06-06-1988,06-06-1988,01-01-9999,58140,Customer Service
10128,15-02-1958,Babette,Lamba,F,06-06-1988,06-06-1988,01-01-9999,60631,Customer Service
10128,15-02-1958,Babette,Lamba,F,06-06-1988,06-06-1988,01-01-9999,64577,Customer Service
10128,15-02-1958,Babette,Lamba,F,06-06-1988,06-06-1988,01-01-9999,67619,Customer Service
10137,30-07-1959,Maren,Hutton,M,18-02-1985,18-02-1985,01-01-9999,40000,Customer Service
10137,30-07-1959,Maren,Hutton,M,18-02-1985,18-02-1985,01-01-9999,40414,Customer Service
10137,30-07-1959,Maren,Hutton,M,18-02-1985,18-02-1985,01-01-9999,44587,Customer Service
10137,30-07-1959,Maren,Hutton,M,18-02-1985,18-02-1985,01-01-9999,46573,Customer Service
10137,30-07-1959,Maren,Hutton,M,18-02-1985,18-02-1985,01-01-9999,46837,Customer Service
10137,30-07-1959,Maren,Hutton,M,18-02-1985,18-02-1985,01-01-9999,47168,Customer Service
10137,30-07-1959,Maren,Hutton,M,18-02-1985,18-02-1985,01-01-9999,47080,Customer Service
10137,30-07-1959,Maren,Hutton,M,18-02-1985,18-02-1985,01-01-9999,49241,Customer Service
10137,30-07-1959,Maren,Hutton,M,18-02-1985,18-02-1985,01-01-9999,49119,Customer Service
10137,30-07-1959,Maren,Hutton,M,18-02-1985,18-02-1985,01-01-9999,53536,Customer Service
10137,30-07-1959,Maren,Hutton,M,18-02-1985,18-02-1985,01-01-9999,54729,Customer Service
10137,30-07-1959,Maren,Hutton,M,18-02-1985,18-02-1985,01-01-9999,55661,Customer Service
10137,30-07-1959,Maren,Hutton,M,18-02-1985,18-02-1985,01-01-9999,57738,Customer Service
10137,30-07-1959,Maren,Hutton,M,18-02-1985,18-02-1985,01-01-9999,60034,Customer Service
10137,30-07-1959,Maren,Hutton,M,18-02-1985,18-02-1985,01-01-9999,63362,Customer Service
10137,30-07-1959,Maren,Hutton,M,18-02-1985,18-02-1985,01-01-9999,67007,Customer Service
10137,30-07-1959,Maren,Hutton,M,18-02-1985,18-02-1985,01-01-9999,68061,Customer Service
10137,30-07-1959,Maren,Hutton,M,18-02-1985,18-02-1985,01-01-9999,67794,Customer Service
10154,17-01-1957,Abdulah,Thibadeau,F,12-12-1990,23-10-1996,01-01-9999,40000,Customer Service
10154,17-01-1957,Abdulah,Thibadeau,F,12-12-1990,23-10-1996,01-01-9999,39564,Customer Service
10154,17-01-1957,Abdulah,Thibadeau,F,12-12-1990,23-10-1996,01-01-9999,39855,Customer Service
10154,17-01-1957,Abdulah,Thibadeau,F,12-12-1990,23-10-1996,01-01-9999,43213,Customer Service
10154,17-01-1957,Abdulah,Thibadeau,F,12-12-1990,23-10-1996,01-01-9999,46853,Customer Service
10154,17-01-1957,Abdulah,Thibadeau,F,12-12-1990,23-10-1996,01-01-9999,50766,Customer Service
10164,19-01-1956,Jagoda,Braunmuhl,M,12-11-1985,31-05-2000,01-01-9999,52043,Customer Service
10164,19-01-1956,Jagoda,Braunmuhl,M,12-11-1985,31-05-2000,01-01-9999,54942,Customer Service
10164,19-01-1956,Jagoda,Braunmuhl,M,12-11-1985,31-05-2000,01-01-9999,56015,Customer Service
10164,19-01-1956,Jagoda,Braunmuhl,M,12-11-1985,31-05-2000,01-01-9999,59456,Customer Service
10164,19-01-1956,Jagoda,Braunmuhl,M,12-11-1985,31-05-2000,01-01-9999,61836,Customer Service
10164,19-01-1956,Jagoda,Braunmuhl,M,12-11-1985,31-05-2000,01-01-9999,61482,Customer Service
10164,19-01-1956,Jagoda,Braunmuhl,M,12-11-1985,31-05-2000,01-01-9999,63211,Customer Service
10164,19-01-1956,Jagoda,Braunmuhl,M,12-11-1985,31-05-2000,01-01-9999,62854,Customer Service
10164,19-01-1956,Jagoda,Braunmuhl,M,12-11-1985,31-05-2000,01-01-9999,66438,Customer Service
10164,19-01-1956,Jagoda,Braunmuhl,M,12-11-1985,31-05-2000,01-01-9999,67246,Customer Service
10164,19-01-1956,Jagoda,Braunmuhl,M,12-11-1985,31-05-2000,01-01-9999,71024,Customer Service
10164,19-01-1956,Jagoda,Braunmuhl,M,12-11-1985,31-05-2000,01-01-9999,72497,Customer Service
10176,24-01-1957,Brendon,Lenart,F,22-12-1994,22-12-1994,01-01-9999,54635,Customer Service
10176,24-01-1957,Brendon,Lenart,F,22-12-1994,22-12-1994,01-01-9999,56163,Customer Service
10176,24-01-1957,Brendon,Lenart,F,22-12-1994,22-12-1994,01-01-9999,57791,Customer Service
10176,24-01-1957,Brendon,Lenart,F,22-12-1994,22-12-1994,01-01-9999,60439,Customer Service
10176,24-01-1957,Brendon,Lenart,F,22-12-1994,22-12-1994,01-01-9999,64005,Customer Service
10176,24-01-1957,Brendon,Lenart,F,22-12-1994,22-12-1994,01-01-9999,68423,Customer Service
10176,24-01-1957,Brendon,Lenart,F,22-12-1994,22-12-1994,01-01-9999,71454,Customer Service
10176,24-01-1957,Brendon,Lenart,F,22-12-1994,22-12-1994,01-01-9999,71610,Customer Service
10183,17-10-1954,Mechthild,Bonifati,M,11-08-1996,11-08-1996,01-01-9999,40000,Customer Service
10183,17-10-1954,Mechthild,Bonifati,M,11-08-1996,11-08-1996,01-01-9999,41791,Customer Service
10183,17-10-1954,Mechthild,Bonifati,M,11-08-1996,11-08-1996,01-01-9999,43856,Customer Service
10183,17-10-1954,Mechthild,Bonifati,M,11-08-1996,11-08-1996,01-01-9999,48205,Customer Service
10183,17-10-1954,Mechthild,Bonifati,M,11-08-1996,11-08-1996,01-01-9999,51247,Customer Service
10183,17-10-1954,Mechthild,Bonifati,M,11-08-1996,11-08-1996,01-01-9999,51873,Customer Service
10184,22-05-1957,Mihalis,Lowrie,M,29-10-1987,26-12-1997,01-01-9999,48586,Customer Service
10184,22-05-1957,Mihalis,Lowrie,M,29-10-1987,26-12-1997,01-01-9999,51710,Customer Service
10184,22-05-1957,Mihalis,Lowrie,M,29-10-1987,26-12-1997,01-01-9999,52576,Customer Service
10184,22-05-1957,Mihalis,Lowrie,M,29-10-1987,26-12-1997,01-01-9999,53720,Customer Service
10184,22-05-1957,Mihalis,Lowrie,M,29-10-1987,26-12-1997,01-01-9999,57547,Customer Service
10210,24-01-1958,Yuping,Alpin,M,10-05-1994,24-02-1996,01-01-9999,40000,Customer Service
10210,24-01-1958,Yuping,Alpin,M,10-05-1994,24-02-1996,01-01-9999,39836,Customer Service
10210,24-01-1958,Yuping,Alpin,M,10-05-1994,24-02-1996,01-01-9999,39940,Customer Service
10210,24-01-1958,Yuping,Alpin,M,10-05-1994,24-02-1996,01-01-9999,39661,Customer Service
10210,24-01-1958,Yuping,Alpin,M,10-05-1994,24-02-1996,01-01-9999,40803,Customer Service
10210,24-01-1958,Yuping,Alpin,M,10-05-1994,24-02-1996,01-01-9999,42890,Customer Service
10210,24-01-1958,Yuping,Alpin,M,10-05-1994,24-02-1996,01-01-9999,42619,Customer Service
10213,24-05-1964,Jackson,Kakkad,M,06-11-1992,06-10-1994,01-01-9999,40000,Customer Service
10213,24-05-1964,Jackson,Kakkad,M,06-11-1992,06-10-1994,01-01-9999,39636,Customer Service
10213,24-05-1964,Jackson,Kakkad,M,06-11-1992,06-10-1994,01-01-9999,42190,Customer Service
10213,24-05-1964,Jackson,Kakkad,M,06-11-1992,06-10-1994,01-01-9999,45748,Customer Service
10213,24-05-1964,Jackson,Kakkad,M,06-11-1992,06-10-1994,01-01-9999,46693,Customer Service
10213,24-05-1964,Jackson,Kakkad,M,06-11-1992,06-10-1994,01-01-9999,47824,Customer Service
10213,24-05-1964,Jackson,Kakkad,M,06-11-1992,06-10-1994,01-01-9999,48846,Customer Service
10213,24-05-1964,Jackson,Kakkad,M,06-11-1992,06-10-1994,01-01-9999,50786,Customer Service
10219,02-05-1952,Genta,Kolvik,M,31-03-1993,31-03-1993,23-10-1994,40000,Customer Service
10219,02-05-1952,Genta,Kolvik,M,31-03-1993,31-03-1993,23-10-1994,42829,Customer Service
10219,02-05-1952,Genta,Kolvik,M,31-03-1993,31-03-1993,23-10-1994,45217,Customer Service
10219,02-05-1952,Genta,Kolvik,M,31-03-1993,31-03-1993,23-10-1994,46082,Customer Service
10219,02-05-1952,Genta,Kolvik,M,31-03-1993,31-03-1993,23-10-1994,48976,Customer Service
10219,02-05-1952,Genta,Kolvik,M,31-03-1993,31-03-1993,23-10-1994,48543,Customer Service
10219,02-05-1952,Genta,Kolvik,M,31-03-1993,31-03-1993,23-10-1994,52980,Customer Service
10219,02-05-1952,Genta,Kolvik,M,31-03-1993,31-03-1993,23-10-1994,55326,Customer Service
10219,02-05-1952,Genta,Kolvik,M,31-03-1993,31-03-1993,23-10-1994,59043,Customer Service
10219,02-05-1952,Genta,Kolvik,M,31-03-1993,31-03-1993,23-10-1994,61354,Customer Service
10225,13-02-1957,Kellie,Chinen,F,19-06-1986,14-12-1995,01-01-9999,40000,Customer Service
10225,13-02-1957,Kellie,Chinen,F,19-06-1986,14-12-1995,01-01-9999,41105,Customer Service
10225,13-02-1957,Kellie,Chinen,F,19-06-1986,14-12-1995,01-01-9999,44995,Customer Service
10225,13-02-1957,Kellie,Chinen,F,19-06-1986,14-12-1995,01-01-9999,45974,Customer Service
10225,13-02-1957,Kellie,Chinen,F,19-06-1986,14-12-1995,01-01-9999,46383,Customer Service
10225,13-02-1957,Kellie,Chinen,F,19-06-1986,14-12-1995,01-01-9999,47052,Customer Service
10225,13-02-1957,Kellie,Chinen,F,19-06-1986,14-12-1995,01-01-9999,49969,Customer Service
10231,21-07-1963,Shaowen,Desikan,F,13-04-1996,09-09-1998,01-01-9999,40000,Customer Service
10231,21-07-1963,Shaowen,Desikan,F,13-04-1996,09-09-1998,01-01-9999,40248,Customer Service
10231,21-07-1963,Shaowen,Desikan,F,13-04-1996,09-09-1998,01-01-9999,41216,Customer Service
10231,21-07-1963,Shaowen,Desikan,F,13-04-1996,09-09-1998,01-01-9999,43682,Customer Service
10259,24-11-1964,Susanna,Vesel,M,25-06-1986,15-08-1994,06-01-1999,88991,Customer Service
10259,24-11-1964,Susanna,Vesel,M,25-06-1986,15-08-1994,06-01-1999,90386,Customer Service
10259,24-11-1964,Susanna,Vesel,M,25-06-1986,15-08-1994,06-01-1999,91690,Customer Service
10259,24-11-1964,Susanna,Vesel,M,25-06-1986,15-08-1994,06-01-1999,93760,Customer Service
10259,24-11-1964,Susanna,Vesel,M,25-06-1986,15-08-1994,06-01-1999,94623,Customer Service
10259,24-11-1964,Susanna,Vesel,M,25-06-1986,15-08-1994,06-01-1999,95258,Customer Service
10259,24-11-1964,Susanna,Vesel,M,25-06-1986,15-08-1994,06-01-1999,95769,Customer Service
10259,24-11-1964,Susanna,Vesel,M,25-06-1986,15-08-1994,06-01-1999,95745,Customer Service
10259,24-11-1964,Susanna,Vesel,M,25-06-1986,15-08-1994,06-01-1999,98799,Customer Service
10259,24-11-1964,Susanna,Vesel,M,25-06-1986,15-08-1994,06-01-1999,101723,Customer Service
10259,24-11-1964,Susanna,Vesel,M,25-06-1986,15-08-1994,06-01-1999,103794,Customer Service
10259,24-11-1964,Susanna,Vesel,M,25-06-1986,15-08-1994,06-01-1999,106127,Customer Service
10279,20-08-1964,Barton,Jumpertz,F,20-12-1994,11-07-1999,01-01-9999,40000,Customer Service
10279,20-08-1964,Barton,Jumpertz,F,20-12-1994,11-07-1999,01-01-9999,42551,Customer Service
10279,20-08-1964,Barton,Jumpertz,F,20-12-1994,11-07-1999,01-01-9999,46208,Customer Service
10279,20-08-1964,Barton,Jumpertz,F,20-12-1994,11-07-1999,01-01-9999,49362,Customer Service
10279,20-08-1964,Barton,Jumpertz,F,20-12-1994,11-07-1999,01-01-9999,49955,Customer Service
10279,20-08-1964,Barton,Jumpertz,F,20-12-1994,11-07-1999,01-01-9999,52423,Customer Service
10279,20-08-1964,Barton,Jumpertz,F,20-12-1994,11-07-1999,01-01-9999,54341,Customer Service
10279,20-08-1964,Barton,Jumpertz,F,20-12-1994,11-07-1999,01-01-9999,55385,Customer Service
10286,14-05-1952,Saddek,Gopalakrishnan,F,21-03-1988,24-12-1994,24-01-1999,40000,Customer Service
10286,14-05-1952,Saddek,Gopalakrishnan,F,21-03-1988,24-12-1994,24-01-1999,41307,Customer Service
10286,14-05-1952,Saddek,Gopalakrishnan,F,21-03-1988,24-12-1994,24-01-1999,45279,Customer Service
10286,14-05-1952,Saddek,Gopalakrishnan,F,21-03-1988,24-12-1994,24-01-1999,46541,Customer Service
10286,14-05-1952,Saddek,Gopalakrishnan,F,21-03-1988,24-12-1994,24-01-1999,46588,Customer Service
10334,02-04-1958,Falguni,Erie,M,28-12-1996,15-02-1998,01-01-9999,40000,Customer Service
10334,02-04-1958,Falguni,Erie,M,28-12-1996,15-02-1998,01-01-9999,40060,Customer Service
10334,02-04-1958,Falguni,Erie,M,28-12-1996,15-02-1998,01-01-9999,42357,Customer Service
10334,02-04-1958,Falguni,Erie,M,28-12-1996,15-02-1998,01-01-9999,43601,Customer Service
10334,02-04-1958,Falguni,Erie,M,28-12-1996,15-02-1998,01-01-9999,43932,Customer Service
10335,13-03-1963,Toshimori,Bahi,F,06-04-1992,07-11-1999,01-01-9999,52633,Customer Service
10335,13-03-1963,Toshimori,Bahi,F,06-04-1992,07-11-1999,01-01-9999,52199,Customer Service
10335,13-03-1963,Toshimori,Bahi,F,06-04-1992,07-11-1999,01-01-9999,51715,Customer Service
10335,13-03-1963,Toshimori,Bahi,F,06-04-1992,07-11-1999,01-01-9999,55330,Customer Service
10335,13-03-1963,Toshimori,Bahi,F,06-04-1992,07-11-1999,01-01-9999,59343,Customer Service
10335,13-03-1963,Toshimori,Bahi,F,06-04-1992,07-11-1999,01-01-9999,63323,Customer Service
10335,13-03-1963,Toshimori,Bahi,F,06-04-1992,07-11-1999,01-01-9999,65685,Customer Service
10335,13-03-1963,Toshimori,Bahi,F,06-04-1992,07-11-1999,01-01-9999,69532,Customer Service
10335,13-03-1963,Toshimori,Bahi,F,06-04-1992,07-11-1999,01-01-9999,69433,Customer Service
10335,13-03-1963,Toshimori,Bahi,F,06-04-1992,07-11-1999,01-01-9999,69784,Customer Service
10335,13-03-1963,Toshimori,Bahi,F,06-04-1992,07-11-1999,01-01-9999,72639,Customer Service
10338,12-02-1961,Heon,Ranai,M,01-09-1988,29-12-1999,01-01-9999,40000,Customer Service
10338,12-02-1961,Heon,Ranai,M,01-09-1988,29-12-1999,01-01-9999,42992,Customer Service
10338,12-02-1961,Heon,Ranai,M,01-09-1988,29-12-1999,01-01-9999,46164,Customer Service
10349,29-04-1954,Oksana,Brodie,F,28-09-1991,28-09-1991,01-01-9999,47518,Customer Service
10349,29-04-1954,Oksana,Brodie,F,28-09-1991,28-09-1991,01-01-9999,50639,Customer Service
10349,29-04-1954,Oksana,Brodie,F,28-09-1991,28-09-1991,01-01-9999,53322,Customer Service
10349,29-04-1954,Oksana,Brodie,F,28-09-1991,28-09-1991,01-01-9999,54689,Customer Service
10349,29-04-1954,Oksana,Brodie,F,28-09-1991,28-09-1991,01-01-9999,56748,Customer Service
10349,29-04-1954,Oksana,Brodie,F,28-09-1991,28-09-1991,01-01-9999,57592,Customer Service
10349,29-04-1954,Oksana,Brodie,F,28-09-1991,28-09-1991,01-01-9999,59746,Customer Service
10349,29-04-1954,Oksana,Brodie,F,28-09-1991,28-09-1991,01-01-9999,59982,Customer Service
10349,29-04-1954,Oksana,Brodie,F,28-09-1991,28-09-1991,01-01-9999,61668,Customer Service
10349,29-04-1954,Oksana,Brodie,F,28-09-1991,28-09-1991,01-01-9999,64949,Customer Service
10349,29-04-1954,Oksana,Brodie,F,28-09-1991,28-09-1991,01-01-9999,66474,Customer Service
10374,08-10-1955,Willard,Rosin,F,08-12-1993,25-04-1995,29-03-1996,69568,Customer Service
10374,08-10-1955,Willard,Rosin,F,08-12-1993,25-04-1995,29-03-1996,69423,Customer Service
10374,08-10-1955,Willard,Rosin,F,08-12-1993,25-04-1995,29-03-1996,73547,Customer Service
10382,12-06-1955,Shirish,Dredge,M,04-07-1990,07-05-1999,27-10-2000,45785,Customer Service
10382,12-06-1955,Shirish,Dredge,M,04-07-1990,07-05-1999,27-10-2000,49862,Customer Service
10382,12-06-1955,Shirish,Dredge,M,04-07-1990,07-05-1999,27-10-2000,52580,Customer Service
10387,03-11-1952,Parto,Wrigley,F,19-02-1987,07-01-1994,01-01-9999,61374,Customer Service
10387,03-11-1952,Parto,Wrigley,F,19-02-1987,07-01-1994,01-01-9999,60973,Customer Service
10387,03-11-1952,Parto,Wrigley,F,19-02-1987,07-01-1994,01-01-9999,61259,Customer Service
10387,03-11-1952,Parto,Wrigley,F,19-02-1987,07-01-1994,01-01-9999,61483,Customer Service
10387,03-11-1952,Parto,Wrigley,F,19-02-1987,07-01-1994,01-01-9999,62226,Customer Service
10387,03-11-1952,Parto,Wrigley,F,19-02-1987,07-01-1994,01-01-9999,66524,Customer Service
10387,03-11-1952,Parto,Wrigley,F,19-02-1987,07-01-1994,01-01-9999,70248,Customer Service
10387,03-11-1952,Parto,Wrigley,F,19-02-1987,07-01-1994,01-01-9999,74517,Customer Service
10387,03-11-1952,Parto,Wrigley,F,19-02-1987,07-01-1994,01-01-9999,76026,Customer Service
10412,26-02-1958,Masoud,Fabrizio,F,06-05-1986,19-05-2000,01-01-9999,65405,Customer Service
10412,26-02-1958,Masoud,Fabrizio,F,06-05-1986,19-05-2000,01-01-9999,66929,Customer Service
10412,26-02-1958,Masoud,Fabrizio,F,06-05-1986,19-05-2000,01-01-9999,68817,Customer Service
10412,26-02-1958,Masoud,Fabrizio,F,06-05-1986,19-05-2000,01-01-9999,72803,Customer Service
10412,26-02-1958,Masoud,Fabrizio,F,06-05-1986,19-05-2000,01-01-9999,73677,Customer Service
10412,26-02-1958,Masoud,Fabrizio,F,06-05-1986,19-05-2000,01-01-9999,73850,Customer Service
10412,26-02-1958,Masoud,Fabrizio,F,06-05-1986,19-05-2000,01-01-9999,77300,Customer Service
10412,26-02-1958,Masoud,Fabrizio,F,06-05-1986,19-05-2000,01-01-9999,81477,Customer Service
10412,26-02-1958,Masoud,Fabrizio,F,06-05-1986,19-05-2000,01-01-9999,81041,Customer Service
10412,26-02-1958,Masoud,Fabrizio,F,06-05-1986,19-05-2000,01-01-9999,84310,Customer Service
10412,26-02-1958,Masoud,Fabrizio,F,06-05-1986,19-05-2000,01-01-9999,84971,Customer Service
10421,22-03-1959,Divine,Marzano,M,12-09-1989,07-04-1990,01-01-9999,40000,Customer Service
10421,22-03-1959,Divine,Marzano,M,12-09-1989,07-04-1990,01-01-9999,41567,Customer Service
10421,22-03-1959,Divine,Marzano,M,12-09-1989,07-04-1990,01-01-9999,43169,Customer Service
10421,22-03-1959,Divine,Marzano,M,12-09-1989,07-04-1990,01-01-9999,44185,Customer Service
10421,22-03-1959,Divine,Marzano,M,12-09-1989,07-04-1990,01-01-9999,45300,Customer Service
10421,22-03-1959,Divine,Marzano,M,12-09-1989,07-04-1990,01-01-9999,47632,Customer Service
10421,22-03-1959,Divine,Marzano,M,12-09-1989,07-04-1990,01-01-9999,51450,Customer Service
10421,22-03-1959,Divine,Marzano,M,12-09-1989,07-04-1990,01-01-9999,51793,Customer Service
10421,22-03-1959,Divine,Marzano,M,12-09-1989,07-04-1990,01-01-9999,54259,Customer Service
10421,22-03-1959,Divine,Marzano,M,12-09-1989,07-04-1990,01-01-9999,57960,Customer Service
10421,22-03-1959,Divine,Marzano,M,12-09-1989,07-04-1990,01-01-9999,57818,Customer Service
10421,22-03-1959,Divine,Marzano,M,12-09-1989,07-04-1990,01-01-9999,61007,Customer Service
10421,22-03-1959,Divine,Marzano,M,12-09-1989,07-04-1990,01-01-9999,62175,Customer Service
10430,30-06-1958,Ferdinand,Chenney,M,16-11-1990,17-07-1999,01-01-9999,40000,Customer Service
10430,30-06-1958,Ferdinand,Chenney,M,16-11-1990,17-07-1999,01-01-9999,39686,Customer Service
10430,30-06-1958,Ferdinand,Chenney,M,16-11-1990,17-07-1999,01-01-9999,41673,Customer Service
10430,30-06-1958,Ferdinand,Chenney,M,16-11-1990,17-07-1999,01-01-9999,46109,Customer Service
10430,30-06-1958,Ferdinand,Chenney,M,16-11-1990,17-07-1999,01-01-9999,48092,Customer Service
10432,06-11-1953,Hisao,Tiemann,F,30-04-1985,13-08-1990,01-01-9999,40000,Customer Service
10432,06-11-1953,Hisao,Tiemann,F,30-04-1985,13-08-1990,01-01-9999,42862,Customer Service
10432,06-11-1953,Hisao,Tiemann,F,30-04-1985,13-08-1990,01-01-9999,46005,Customer Service
10432,06-11-1953,Hisao,Tiemann,F,30-04-1985,13-08-1990,01-01-9999,48281,Customer Service
10432,06-11-1953,Hisao,Tiemann,F,30-04-1985,13-08-1990,01-01-9999,52442,Customer Service
10432,06-11-1953,Hisao,Tiemann,F,30-04-1985,13-08-1990,01-01-9999,54098,Customer Service
10432,06-11-1953,Hisao,Tiemann,F,30-04-1985,13-08-1990,01-01-9999,55091,Customer Service
10432,06-11-1953,Hisao,Tiemann,F,30-04-1985,13-08-1990,01-01-9999,56026,Customer Service
10432,06-11-1953,Hisao,Tiemann,F,30-04-1985,13-08-1990,01-01-9999,58529,Customer Service
10432,06-11-1953,Hisao,Tiemann,F,30-04-1985,13-08-1990,01-01-9999,61550,Customer Service
10432,06-11-1953,Hisao,Tiemann,F,30-04-1985,13-08-1990,01-01-9999,62191,Customer Service
10432,06-11-1953,Hisao,Tiemann,F,30-04-1985,13-08-1990,01-01-9999,63568,Customer Service
10453,19-07-1953,Tsvetan,Matzel,F,02-04-1985,02-04-1985,01-01-9999,40000,Customer Service
10453,19-07-1953,Tsvetan,Matzel,F,02-04-1985,02-04-1985,01-01-9999,40535,Customer Service
10453,19-07-1953,Tsvetan,Matzel,F,02-04-1985,02-04-1985,01-01-9999,44742,Customer Service
10453,19-07-1953,Tsvetan,Matzel,F,02-04-1985,02-04-1985,01-01-9999,44851,Customer Service
10453,19-07-1953,Tsvetan,Matzel,F,02-04-1985,02-04-1985,01-01-9999,45192,Customer Service
10453,19-07-1953,Tsvetan,Matzel,F,02-04-1985,02-04-1985,01-01-9999,47023,Customer Service
10453,19-07-1953,Tsvetan,Matzel,F,02-04-1985,02-04-1985,01-01-9999,49796,Customer Service
10453,19-07-1953,Tsvetan,Matzel,F,02-04-1985,02-04-1985,01-01-9999,54232,Customer Service
10453,19-07-1953,Tsvetan,Matzel,F,02-04-1985,02-04-1985,01-01-9999,56121,Customer Service
10453,19-07-1953,Tsvetan,Matzel,F,02-04-1985,02-04-1985,01-01-9999,60219,Customer Service
10453,19-07-1953,Tsvetan,Matzel,F,02-04-1985,02-04-1985,01-01-9999,62766,Customer Service
10453,19-07-1953,Tsvetan,Matzel,F,02-04-1985,02-04-1985,01-01-9999,65309,Customer Service
10453,19-07-1953,Tsvetan,Matzel,F,02-04-1985,02-04-1985,01-01-9999,68724,Customer Service
10453,19-07-1953,Tsvetan,Matzel,F,02-04-1985,02-04-1985,01-01-9999,72583,Customer Service
10453,19-07-1953,Tsvetan,Matzel,F,02-04-1985,02-04-1985,01-01-9999,72860,Customer Service
10453,19-07-1953,Tsvetan,Matzel,F,02-04-1985,02-04-1985,01-01-9999,73126,Customer Service
10453,19-07-1953,Tsvetan,Matzel,F,02-04-1985,02-04-1985,01-01-9999,74403,Customer Service
10453,19-07-1953,Tsvetan,Matzel,F,02-04-1985,02-04-1985,01-01-9999,75440,Customer Service
10465,13-03-1963,Claudi,Shackel,M,01-09-1987,11-12-1994,01-01-9999,59124,Customer Service
10465,13-03-1963,Claudi,Shackel,M,01-09-1987,11-12-1994,01-01-9999,60083,Customer Service
10465,13-03-1963,Claudi,Shackel,M,01-09-1987,11-12-1994,01-01-9999,63765,Customer Service
10465,13-03-1963,Claudi,Shackel,M,01-09-1987,11-12-1994,01-01-9999,68254,Customer Service
10465,13-03-1963,Claudi,Shackel,M,01-09-1987,11-12-1994,01-01-9999,72524,Customer Service
10465,13-03-1963,Claudi,Shackel,M,01-09-1987,11-12-1994,01-01-9999,72469,Customer Service
10465,13-03-1963,Claudi,Shackel,M,01-09-1987,11-12-1994,01-01-9999,76639,Customer Service
10465,13-03-1963,Claudi,Shackel,M,01-09-1987,11-12-1994,01-01-9999,80628,Customer Service
10466,25-12-1954,Jiakeng,Himler,M,29-09-1985,22-08-1997,15-08-2000,55318,Customer Service
10466,25-12-1954,Jiakeng,Himler,M,29-09-1985,22-08-1997,15-08-2000,55859,Customer Service
10466,25-12-1954,Jiakeng,Himler,M,29-09-1985,22-08-1997,15-08-2000,56978,Customer Service
10478,08-03-1957,Maik,Ushiama,M,09-06-1992,09-06-1992,10-02-1993,40000,Customer Service
10478,08-03-1957,Maik,Ushiama,M,09-06-1992,09-06-1992,10-02-1993,41730,Customer Service
10478,08-03-1957,Maik,Ushiama,M,09-06-1992,09-06-1992,10-02-1993,43444,Customer Service
10478,08-03-1957,Maik,Ushiama,M,09-06-1992,09-06-1992,10-02-1993,43370,Customer Service
10478,08-03-1957,Maik,Ushiama,M,09-06-1992,09-06-1992,10-02-1993,44683,Customer Service
10478,08-03-1957,Maik,Ushiama,M,09-06-1992,09-06-1992,10-02-1993,47186,Customer Service
10478,08-03-1957,Maik,Ushiama,M,09-06-1992,09-06-1992,10-02-1993,50646,Customer Service
10478,08-03-1957,Maik,Ushiama,M,09-06-1992,09-06-1992,10-02-1993,51532,Customer Service
10478,08-03-1957,Maik,Ushiama,M,09-06-1992,09-06-1992,10-02-1993,52080,Customer Service
10478,08-03-1957,Maik,Ushiama,M,09-06-1992,09-06-1992,10-02-1993,52117,Customer Service
10478,08-03-1957,Maik,Ushiama,M,09-06-1992,09-06-1992,10-02-1993,54545,Customer Service
10510,13-02-1960,Keung,Slobodova,F,20-04-1990,21-09-1992,01-01-9999,69341,Customer Service
10510,13-02-1960,Keung,Slobodova,F,20-04-1990,21-09-1992,01-01-9999,69767,Customer Service
10510,13-02-1960,Keung,Slobodova,F,20-04-1990,21-09-1992,01-01-9999,74267,Customer Service
10510,13-02-1960,Keung,Slobodova,F,20-04-1990,21-09-1992,01-01-9999,74803,Customer Service
10510,13-02-1960,Keung,Slobodova,F,20-04-1990,21-09-1992,01-01-9999,75967,Customer Service
10510,13-02-1960,Keung,Slobodova,F,20-04-1990,21-09-1992,01-01-9999,79549,Customer Service
10510,13-02-1960,Keung,Slobodova,F,20-04-1990,21-09-1992,01-01-9999,83225,Customer Service
10510,13-02-1960,Keung,Slobodova,F,20-04-1990,21-09-1992,01-01-9999,83964,Customer Service
10510,13-02-1960,Keung,Slobodova,F,20-04-1990,21-09-1992,01-01-9999,88220,Customer Service
10510,13-02-1960,Keung,Slobodova,F,20-04-1990,21-09-1992,01-01-9999,90348,Customer Service
10510,13-02-1960,Keung,Slobodova,F,20-04-1990,21-09-1992,01-01-9999,92838,Customer Service
10510,13-02-1960,Keung,Slobodova,F,20-04-1990,21-09-1992,01-01-9999,94090,Customer Service
10510,13-02-1960,Keung,Slobodova,F,20-04-1990,21-09-1992,01-01-9999,98279,Customer Service
10535,19-05-1961,Shalesh,Stroustrup,F,21-02-1985,22-08-1991,01-01-9999,47272,Customer Service
10535,19-05-1961,Shalesh,Stroustrup,F,21-02-1985,22-08-1991,01-01-9999,47319,Customer Service
10535,19-05-1961,Shalesh,Stroustrup,F,21-02-1985,22-08-1991,01-01-9999,51687,Customer Service
10535,19-05-1961,Shalesh,Stroustrup,F,21-02-1985,22-08-1991,01-01-9999,53789,Customer Service
10535,19-05-1961,Shalesh,Stroustrup,F,21-02-1985,22-08-1991,01-01-9999,54557,Customer Service
10535,19-05-1961,Shalesh,Stroustrup,F,21-02-1985,22-08-1991,01-01-9999,54999,Customer Service
10535,19-05-1961,Shalesh,Stroustrup,F,21-02-1985,22-08-1991,01-01-9999,57957,Customer Service
10535,19-05-1961,Shalesh,Stroustrup,F,21-02-1985,22-08-1991,01-01-9999,60519,Customer Service
10535,19-05-1961,Shalesh,Stroustrup,F,21-02-1985,22-08-1991,01-01-9999,64651,Customer Service
10535,19-05-1961,Shalesh,Stroustrup,F,21-02-1985,22-08-1991,01-01-9999,68848,Customer Service
10535,19-05-1961,Shalesh,Stroustrup,F,21-02-1985,22-08-1991,01-01-9999,71671,Customer Service
10580,28-05-1956,Christoper,Rehfuss,M,11-09-1987,02-03-1991,01-01-9999,40000,Customer Service
10580,28-05-1956,Christoper,Rehfuss,M,11-09-1987,02-03-1991,01-01-9999,39868,Customer Service
10580,28-05-1956,Christoper,Rehfuss,M,11-09-1987,02-03-1991,01-01-9999,42329,Customer Service
10580,28-05-1956,Christoper,Rehfuss,M,11-09-1987,02-03-1991,01-01-9999,43561,Customer Service
10580,28-05-1956,Christoper,Rehfuss,M,11-09-1987,02-03-1991,01-01-9999,46712,Customer Service
10580,28-05-1956,Christoper,Rehfuss,M,11-09-1987,02-03-1991,01-01-9999,47707,Customer Service
10580,28-05-1956,Christoper,Rehfuss,M,11-09-1987,02-03-1991,01-01-9999,50649,Customer Service
10580,28-05-1956,Christoper,Rehfuss,M,11-09-1987,02-03-1991,01-01-9999,50508,Customer Service
10580,28-05-1956,Christoper,Rehfuss,M,11-09-1987,02-03-1991,01-01-9999,52853,Customer Service
10580,28-05-1956,Christoper,Rehfuss,M,11-09-1987,02-03-1991,01-01-9999,52628,Customer Service
10580,28-05-1956,Christoper,Rehfuss,M,11-09-1987,02-03-1991,01-01-9999,54698,Customer Service
10580,28-05-1956,Christoper,Rehfuss,M,11-09-1987,02-03-1991,01-01-9999,54270,Customer Service
10601,23-10-1959,Barton,Usdin,M,29-08-1994,24-07-1999,09-05-2002,40000,Customer Service
10601,23-10-1959,Barton,Usdin,M,29-08-1994,24-07-1999,09-05-2002,40307,Customer Service
10601,23-10-1959,Barton,Usdin,M,29-08-1994,24-07-1999,09-05-2002,41107,Customer Service
10614,11-07-1953,Gila,Ozeri,F,03-03-1990,27-02-1997,01-01-9999,40000,Customer Service
10614,11-07-1953,Gila,Ozeri,F,03-03-1990,27-02-1997,01-01-9999,44205,Customer Service
10614,11-07-1953,Gila,Ozeri,F,03-03-1990,27-02-1997,01-01-9999,47457,Customer Service
10614,11-07-1953,Gila,Ozeri,F,03-03-1990,27-02-1997,01-01-9999,48454,Customer Service
10614,11-07-1953,Gila,Ozeri,F,03-03-1990,27-02-1997,01-01-9999,52118,Customer Service
10614,11-07-1953,Gila,Ozeri,F,03-03-1990,27-02-1997,01-01-9999,52952,Customer Service
10614,11-07-1953,Gila,Ozeri,F,03-03-1990,27-02-1997,01-01-9999,54138,Customer Service
10614,11-07-1953,Gila,Ozeri,F,03-03-1990,27-02-1997,01-01-9999,56391,Customer Service
10614,11-07-1953,Gila,Ozeri,F,03-03-1990,27-02-1997,01-01-9999,59899,Customer Service
10614,11-07-1953,Gila,Ozeri,F,03-03-1990,27-02-1997,01-01-9999,64321,Customer Service
10614,11-07-1953,Gila,Ozeri,F,03-03-1990,27-02-1997,01-01-9999,66758,Customer Service
10614,11-07-1953,Gila,Ozeri,F,03-03-1990,27-02-1997,01-01-9999,70903,Customer Service
10614,11-07-1953,Gila,Ozeri,F,03-03-1990,27-02-1997,01-01-9999,71594,Customer Service
10617,26-01-1955,Hidekazu,Angel,F,29-03-1985,30-10-1991,03-10-2001,40000,Customer Service
10617,26-01-1955,Hidekazu,Angel,F,29-03-1985,30-10-1991,03-10-2001,41096,Customer Service
10617,26-01-1955,Hidekazu,Angel,F,29-03-1985,30-10-1991,03-10-2001,42278,Customer Service
10617,26-01-1955,Hidekazu,Angel,F,29-03-1985,30-10-1991,03-10-2001,42845,Customer Service
10617,26-01-1955,Hidekazu,Angel,F,29-03-1985,30-10-1991,03-10-2001,46899,Customer Service
10617,26-01-1955,Hidekazu,Angel,F,29-03-1985,30-10-1991,03-10-2001,46538,Customer Service
10617,26-01-1955,Hidekazu,Angel,F,29-03-1985,30-10-1991,03-10-2001,46157,Customer Service
10617,26-01-1955,Hidekazu,Angel,F,29-03-1985,30-10-1991,03-10-2001,46292,Customer Service
10617,26-01-1955,Hidekazu,Angel,F,29-03-1985,30-10-1991,03-10-2001,47799,Customer Service
10617,26-01-1955,Hidekazu,Angel,F,29-03-1985,30-10-1991,03-10-2001,49645,Customer Service
10646,24-11-1957,Uri,Chorvat,M,07-08-1988,31-01-1996,01-01-9999,51562,Customer Service
10646,24-11-1957,Uri,Chorvat,M,07-08-1988,31-01-1996,01-01-9999,52620,Customer Service
10646,24-11-1957,Uri,Chorvat,M,07-08-1988,31-01-1996,01-01-9999,52645,Customer Service
10646,24-11-1957,Uri,Chorvat,M,07-08-1988,31-01-1996,01-01-9999,52197,Customer Service
10646,24-11-1957,Uri,Chorvat,M,07-08-1988,31-01-1996,01-01-9999,53937,Customer Service
10646,24-11-1957,Uri,Chorvat,M,07-08-1988,31-01-1996,01-01-9999,56742,Customer Service
10646,24-11-1957,Uri,Chorvat,M,07-08-1988,31-01-1996,01-01-9999,60996,Customer Service
10649,25-03-1956,Vitali,Welham,M,10-09-1997,23-06-1998,01-01-9999,40000,Customer Service
10649,25-03-1956,Vitali,Welham,M,10-09-1997,23-06-1998,01-01-9999,41335,Customer Service
10649,25-03-1956,Vitali,Welham,M,10-09-1997,23-06-1998,01-01-9999,44451,Customer Service
10649,25-03-1956,Vitali,Welham,M,10-09-1997,23-06-1998,01-01-9999,44018,Customer Service
10649,25-03-1956,Vitali,Welham,M,10-09-1997,23-06-1998,01-01-9999,45167,Customer Service
10667,05-08-1955,Makato,Cusworth,F,25-06-1990,28-07-1999,01-01-9999,40000,Customer Service
10667,05-08-1955,Makato,Cusworth,F,25-06-1990,28-07-1999,01-01-9999,39851,Customer Service
10667,05-08-1955,Makato,Cusworth,F,25-06-1990,28-07-1999,01-01-9999,40250,Customer Service
10667,05-08-1955,Makato,Cusworth,F,25-06-1990,28-07-1999,01-01-9999,44520,Customer Service
10669,30-05-1956,Yurij,Iisaka,F,09-06-1995,17-11-1996,01-01-9999,40000,Customer Service
10669,30-05-1956,Yurij,Iisaka,F,09-06-1995,17-11-1996,01-01-9999,39582,Customer Service
10669,30-05-1956,Yurij,Iisaka,F,09-06-1995,17-11-1996,01-01-9999,40395,Customer Service
10669,30-05-1956,Yurij,Iisaka,F,09-06-1995,17-11-1996,01-01-9999,44254,Customer Service
10669,30-05-1956,Yurij,Iisaka,F,09-06-1995,17-11-1996,01-01-9999,45906,Customer Service
10669,30-05-1956,Yurij,Iisaka,F,09-06-1995,17-11-1996,01-01-9999,50044,Customer Service
10682,04-07-1956,Bedir,Haumacher,M,09-11-1990,09-11-1990,01-01-9999,40000,Customer Service
10682,04-07-1956,Bedir,Haumacher,M,09-11-1990,09-11-1990,01-01-9999,42576,Customer Service
10682,04-07-1956,Bedir,Haumacher,M,09-11-1990,09-11-1990,01-01-9999,45669,Customer Service
10682,04-07-1956,Bedir,Haumacher,M,09-11-1990,09-11-1990,01-01-9999,49936,Customer Service
10682,04-07-1956,Bedir,Haumacher,M,09-11-1990,09-11-1990,01-01-9999,51008,Customer Service
10682,04-07-1956,Bedir,Haumacher,M,09-11-1990,09-11-1990,01-01-9999,51726,Customer Service
10682,04-07-1956,Bedir,Haumacher,M,09-11-1990,09-11-1990,01-01-9999,51725,Customer Service
10682,04-07-1956,Bedir,Haumacher,M,09-11-1990,09-11-1990,01-01-9999,51832,Customer Service
10682,04-07-1956,Bedir,Haumacher,M,09-11-1990,09-11-1990,01-01-9999,55086,Customer Service
10682,04-07-1956,Bedir,Haumacher,M,09-11-1990,09-11-1990,01-01-9999,57223,Customer Service
10682,04-07-1956,Bedir,Haumacher,M,09-11-1990,09-11-1990,01-01-9999,59907,Customer Service
10682,04-07-1956,Bedir,Haumacher,M,09-11-1990,09-11-1990,01-01-9999,63069,Customer Service
10693,14-12-1953,Berhard,Daescu,F,08-01-1986,08-01-1986,01-01-9999,40000,Customer Service
10693,14-12-1953,Berhard,Daescu,F,08-01-1986,08-01-1986,01-01-9999,43236,Customer Service
10693,14-12-1953,Berhard,Daescu,F,08-01-1986,08-01-1986,01-01-9999,43617,Customer Service
10693,14-12-1953,Berhard,Daescu,F,08-01-1986,08-01-1986,01-01-9999,44467,Customer Service
10693,14-12-1953,Berhard,Daescu,F,08-01-1986,08-01-1986,01-01-9999,48731,Customer Service
10693,14-12-1953,Berhard,Daescu,F,08-01-1986,08-01-1986,01-01-9999,50027,Customer Service
10693,14-12-1953,Berhard,Daescu,F,08-01-1986,08-01-1986,01-01-9999,49757,Customer Service
10693,14-12-1953,Berhard,Daescu,F,08-01-1986,08-01-1986,01-01-9999,50324,Customer Service
10693,14-12-1953,Berhard,Daescu,F,08-01-1986,08-01-1986,01-01-9999,52560,Customer Service
10693,14-12-1953,Berhard,Daescu,F,08-01-1986,08-01-1986,01-01-9999,55203,Customer Service
10693,14-12-1953,Berhard,Daescu,F,08-01-1986,08-01-1986,01-01-9999,56015,Customer Service
10693,14-12-1953,Berhard,Daescu,F,08-01-1986,08-01-1986,01-01-9999,58242,Customer Service
10693,14-12-1953,Berhard,Daescu,F,08-01-1986,08-01-1986,01-01-9999,58359,Customer Service
10693,14-12-1953,Berhard,Daescu,F,08-01-1986,08-01-1986,01-01-9999,57922,Customer Service
10693,14-12-1953,Berhard,Daescu,F,08-01-1986,08-01-1986,01-01-9999,60714,Customer Service
10693,14-12-1953,Berhard,Daescu,F,08-01-1986,08-01-1986,01-01-9999,61524,Customer Service
10693,14-12-1953,Berhard,Daescu,F,08-01-1986,08-01-1986,01-01-9999,64360,Customer Service
10697,09-04-1958,Bluma,Hiltgen,M,04-03-1998,29-08-1999,01-01-9999,40000,Customer Service
10697,09-04-1958,Bluma,Hiltgen,M,04-03-1998,29-08-1999,01-01-9999,43673,Customer Service
10697,09-04-1958,Bluma,Hiltgen,M,04-03-1998,29-08-1999,01-01-9999,48005,Customer Service
10701,30-09-1961,Hyuncheol,Zolotykh,M,27-10-1986,07-10-1989,01-01-9999,74949,Customer Service
10701,30-09-1961,Hyuncheol,Zolotykh,M,27-10-1986,07-10-1989,01-01-9999,76773,Customer Service
10701,30-09-1961,Hyuncheol,Zolotykh,M,27-10-1986,07-10-1989,01-01-9999,78947,Customer Service
10701,30-09-1961,Hyuncheol,Zolotykh,M,27-10-1986,07-10-1989,01-01-9999,81034,Customer Service
10701,30-09-1961,Hyuncheol,Zolotykh,M,27-10-1986,07-10-1989,01-01-9999,84245,Customer Service
10701,30-09-1961,Hyuncheol,Zolotykh,M,27-10-1986,07-10-1989,01-01-9999,85185,Customer Service
10701,30-09-1961,Hyuncheol,Zolotykh,M,27-10-1986,07-10-1989,01-01-9999,87549,Customer Service
10701,30-09-1961,Hyuncheol,Zolotykh,M,27-10-1986,07-10-1989,01-01-9999,91221,Customer Service
10701,30-09-1961,Hyuncheol,Zolotykh,M,27-10-1986,07-10-1989,01-01-9999,95101,Customer Service
10701,30-09-1961,Hyuncheol,Zolotykh,M,27-10-1986,07-10-1989,01-01-9999,94848,Customer Service
10701,30-09-1961,Hyuncheol,Zolotykh,M,27-10-1986,07-10-1989,01-01-9999,96826,Customer Service
10701,30-09-1961,Hyuncheol,Zolotykh,M,27-10-1986,07-10-1989,01-01-9999,99223,Customer Service
10701,30-09-1961,Hyuncheol,Zolotykh,M,27-10-1986,07-10-1989,01-01-9999,99669,Customer Service
10701,30-09-1961,Hyuncheol,Zolotykh,M,27-10-1986,07-10-1989,01-01-9999,103261,Customer Service
10701,30-09-1961,Hyuncheol,Zolotykh,M,27-10-1986,07-10-1989,01-01-9999,105663,Customer Service
10701,30-09-1961,Hyuncheol,Zolotykh,M,27-10-1986,07-10-1989,01-01-9999,105545,Customer Service
10721,12-07-1964,Bernd,Redmiles,F,17-03-1995,15-07-1999,01-01-9999,40000,Customer Service
10721,12-07-1964,Bernd,Redmiles,F,17-03-1995,15-07-1999,01-01-9999,40477,Customer Service
10721,12-07-1964,Bernd,Redmiles,F,17-03-1995,15-07-1999,01-01-9999,41015,Customer Service
10721,12-07-1964,Bernd,Redmiles,F,17-03-1995,15-07-1999,01-01-9999,44812,Customer Service
10733,06-04-1962,Sangeeta,Rodham,F,20-02-1996,20-02-1996,01-01-9999,48013,Customer Service
10733,06-04-1962,Sangeeta,Rodham,F,20-02-1996,20-02-1996,01-01-9999,51067,Customer Service
10733,06-04-1962,Sangeeta,Rodham,F,20-02-1996,20-02-1996,01-01-9999,53465,Customer Service
10733,06-04-1962,Sangeeta,Rodham,F,20-02-1996,20-02-1996,01-01-9999,55421,Customer Service
10733,06-04-1962,Sangeeta,Rodham,F,20-02-1996,20-02-1996,01-01-9999,59497,Customer Service
10733,06-04-1962,Sangeeta,Rodham,F,20-02-1996,20-02-1996,01-01-9999,59958,Customer Service
10733,06-04-1962,Sangeeta,Rodham,F,20-02-1996,20-02-1996,01-01-9999,60861,Customer Service
10735,12-09-1964,Morrie,Gewali,M,29-10-1985,29-10-1985,01-01-9999,40000,Customer Service
10735,12-09-1964,Morrie,Gewali,M,29-10-1985,29-10-1985,01-01-9999,42610,Customer Service
10735,12-09-1964,Morrie,Gewali,M,29-10-1985,29-10-1985,01-01-9999,42319,Customer Service
10735,12-09-1964,Morrie,Gewali,M,29-10-1985,29-10-1985,01-01-9999,42552,Customer Service
10735,12-09-1964,Morrie,Gewali,M,29-10-1985,29-10-1985,01-01-9999,42208,Customer Service
10735,12-09-1964,Morrie,Gewali,M,29-10-1985,29-10-1985,01-01-9999,41843,Customer Service
10735,12-09-1964,Morrie,Gewali,M,29-10-1985,29-10-1985,01-01-9999,44096,Customer Service
10735,12-09-1964,Morrie,Gewali,M,29-10-1985,29-10-1985,01-01-9999,47147,Customer Service
10735,12-09-1964,Morrie,Gewali,M,29-10-1985,29-10-1985,01-01-9999,47451,Customer Service
10735,12-09-1964,Morrie,Gewali,M,29-10-1985,29-10-1985,01-01-9999,50596,Customer Service
10735,12-09-1964,Morrie,Gewali,M,29-10-1985,29-10-1985,01-01-9999,51390,Customer Service
10735,12-09-1964,Morrie,Gewali,M,29-10-1985,29-10-1985,01-01-9999,53884,Customer Service
10735,12-09-1964,Morrie,Gewali,M,29-10-1985,29-10-1985,01-01-9999,54448,Customer Service
10735,12-09-1964,Morrie,Gewali,M,29-10-1985,29-10-1985,01-01-9999,56737,Customer Service
10735,12-09-1964,Morrie,Gewali,M,29-10-1985,29-10-1985,01-01-9999,59433,Customer Service
10735,12-09-1964,Morrie,Gewali,M,29-10-1985,29-10-1985,01-01-9999,62730,Customer Service
10735,12-09-1964,Morrie,Gewali,M,29-10-1985,29-10-1985,01-01-9999,65377,Customer Service
10771,10-05-1960,Guiseppe,Kleiser,F,08-11-1989,01-04-1996,01-01-9999,42658,Customer Service
10771,10-05-1960,Guiseppe,Kleiser,F,08-11-1989,01-04-1996,01-01-9999,45702,Customer Service
10771,10-05-1960,Guiseppe,Kleiser,F,08-11-1989,01-04-1996,01-01-9999,46549,Customer Service
10771,10-05-1960,Guiseppe,Kleiser,F,08-11-1989,01-04-1996,01-01-9999,48345,Customer Service
10771,10-05-1960,Guiseppe,Kleiser,F,08-11-1989,01-04-1996,01-01-9999,48351,Customer Service
10771,10-05-1960,Guiseppe,Kleiser,F,08-11-1989,01-04-1996,01-01-9999,51323,Customer Service
10771,10-05-1960,Guiseppe,Kleiser,F,08-11-1989,01-04-1996,01-01-9999,55120,Customer Service
10773,11-07-1960,Avishai,Bahr,F,01-12-1985,09-02-1997,29-11-1997,40000,Customer Service
10775,12-03-1956,Xiaoheng,Sluis,M,09-12-1988,17-03-1999,01-01-9999,43898,Customer Service
10775,12-03-1956,Xiaoheng,Sluis,M,09-12-1988,17-03-1999,01-01-9999,43876,Customer Service
10775,12-03-1956,Xiaoheng,Sluis,M,09-12-1988,17-03-1999,01-01-9999,45789,Customer Service
10775,12-03-1956,Xiaoheng,Sluis,M,09-12-1988,17-03-1999,01-01-9999,48233,Customer Service
10775,12-03-1956,Xiaoheng,Sluis,M,09-12-1988,17-03-1999,01-01-9999,48468,Customer Service
10775,12-03-1956,Xiaoheng,Sluis,M,09-12-1988,17-03-1999,01-01-9999,52695,Customer Service
10775,12-03-1956,Xiaoheng,Sluis,M,09-12-1988,17-03-1999,01-01-9999,54403,Customer Service
10775,12-03-1956,Xiaoheng,Sluis,M,09-12-1988,17-03-1999,01-01-9999,57607,Customer Service
10779,09-07-1961,Mori,Yavatkar,F,11-01-1988,11-01-1988,01-01-9999,47332,Customer Service
10779,09-07-1961,Mori,Yavatkar,F,11-01-1988,11-01-1988,01-01-9999,48446,Customer Service
10779,09-07-1961,Mori,Yavatkar,F,11-01-1988,11-01-1988,01-01-9999,52397,Customer Service
10779,09-07-1961,Mori,Yavatkar,F,11-01-1988,11-01-1988,01-01-9999,56669,Customer Service
10779,09-07-1961,Mori,Yavatkar,F,11-01-1988,11-01-1988,01-01-9999,58309,Customer Service
10779,09-07-1961,Mori,Yavatkar,F,11-01-1988,11-01-1988,01-01-9999,58225,Customer Service
10779,09-07-1961,Mori,Yavatkar,F,11-01-1988,11-01-1988,01-01-9999,62604,Customer Service
10779,09-07-1961,Mori,Yavatkar,F,11-01-1988,11-01-1988,01-01-9999,64592,Customer Service
10779,09-07-1961,Mori,Yavatkar,F,11-01-1988,11-01-1988,01-01-9999,67765,Customer Service
10779,09-07-1961,Mori,Yavatkar,F,11-01-1988,11-01-1988,01-01-9999,67702,Customer Service
10779,09-07-1961,Mori,Yavatkar,F,11-01-1988,11-01-1988,01-01-9999,68400,Customer Service
10779,09-07-1961,Mori,Yavatkar,F,11-01-1988,11-01-1988,01-01-9999,69964,Customer Service
10779,09-07-1961,Mori,Yavatkar,F,11-01-1988,11-01-1988,01-01-9999,72836,Customer Service
10779,09-07-1961,Mori,Yavatkar,F,11-01-1988,11-01-1988,01-01-9999,74483,Customer Service
10779,09-07-1961,Mori,Yavatkar,F,11-01-1988,11-01-1988,01-01-9999,78769,Customer Service
10781,19-09-1958,Patricio,Leuchs,M,04-02-1991,04-02-1991,01-01-9999,40000,Customer Service
10781,19-09-1958,Patricio,Leuchs,M,04-02-1991,04-02-1991,01-01-9999,39957,Customer Service
10781,19-09-1958,Patricio,Leuchs,M,04-02-1991,04-02-1991,01-01-9999,39538,Customer Service
10781,19-09-1958,Patricio,Leuchs,M,04-02-1991,04-02-1991,01-01-9999,42379,Customer Service
10781,19-09-1958,Patricio,Leuchs,M,04-02-1991,04-02-1991,01-01-9999,44096,Customer Service
10781,19-09-1958,Patricio,Leuchs,M,04-02-1991,04-02-1991,01-01-9999,45571,Customer Service
10781,19-09-1958,Patricio,Leuchs,M,04-02-1991,04-02-1991,01-01-9999,46769,Customer Service
10781,19-09-1958,Patricio,Leuchs,M,04-02-1991,04-02-1991,01-01-9999,49353,Customer Service
10781,19-09-1958,Patricio,Leuchs,M,04-02-1991,04-02-1991,01-01-9999,50314,Customer Service
10781,19-09-1958,Patricio,Leuchs,M,04-02-1991,04-02-1991,01-01-9999,51667,Customer Service
10781,19-09-1958,Patricio,Leuchs,M,04-02-1991,04-02-1991,01-01-9999,56133,Customer Service
10781,19-09-1958,Patricio,Leuchs,M,04-02-1991,04-02-1991,01-01-9999,56794,Customer Service
10789,19-05-1964,Aruna,Journel,F,02-02-1987,26-01-1998,01-01-9999,40000,Customer Service
10789,19-05-1964,Aruna,Journel,F,02-02-1987,26-01-1998,01-01-9999,40429,Customer Service
10789,19-05-1964,Aruna,Journel,F,02-02-1987,26-01-1998,01-01-9999,41532,Customer Service
10789,19-05-1964,Aruna,Journel,F,02-02-1987,26-01-1998,01-01-9999,42286,Customer Service
10789,19-05-1964,Aruna,Journel,F,02-02-1987,26-01-1998,01-01-9999,45709,Customer Service
10816,24-02-1958,Morris,Caine,F,27-06-1989,22-05-1991,01-01-9999,50240,Customer Service
10816,24-02-1958,Morris,Caine,F,27-06-1989,22-05-1991,01-01-9999,49750,Customer Service
10816,24-02-1958,Morris,Caine,F,27-06-1989,22-05-1991,01-01-9999,53014,Customer Service
10816,24-02-1958,Morris,Caine,F,27-06-1989,22-05-1991,01-01-9999,56187,Customer Service
10816,24-02-1958,Morris,Caine,F,27-06-1989,22-05-1991,01-01-9999,59159,Customer Service
10816,24-02-1958,Morris,Caine,F,27-06-1989,22-05-1991,01-01-9999,59009,Customer Service
10816,24-02-1958,Morris,Caine,F,27-06-1989,22-05-1991,01-01-9999,58869,Customer Service
10816,24-02-1958,Morris,Caine,F,27-06-1989,22-05-1991,01-01-9999,62236,Customer Service
10816,24-02-1958,Morris,Caine,F,27-06-1989,22-05-1991,01-01-9999,62218,Customer Service
10816,24-02-1958,Morris,Caine,F,27-06-1989,22-05-1991,01-01-9999,64931,Customer Service
10816,24-02-1958,Morris,Caine,F,27-06-1989,22-05-1991,01-01-9999,66825,Customer Service
10816,24-02-1958,Morris,Caine,F,27-06-1989,22-05-1991,01-01-9999,68737,Customer Service
10817,02-10-1958,Uri,Rullman,F,26-12-1990,24-01-2000,01-01-9999,54602,Customer Service
10817,02-10-1958,Uri,Rullman,F,26-12-1990,24-01-2000,01-01-9999,54735,Customer Service
10817,02-10-1958,Uri,Rullman,F,26-12-1990,24-01-2000,01-01-9999,55089,Customer Service
10817,02-10-1958,Uri,Rullman,F,26-12-1990,24-01-2000,01-01-9999,59517,Customer Service
10817,02-10-1958,Uri,Rullman,F,26-12-1990,24-01-2000,01-01-9999,61803,Customer Service
10817,02-10-1958,Uri,Rullman,F,26-12-1990,24-01-2000,01-01-9999,63114,Customer Service
10817,02-10-1958,Uri,Rullman,F,26-12-1990,24-01-2000,01-01-9999,67235,Customer Service
10817,02-10-1958,Uri,Rullman,F,26-12-1990,24-01-2000,01-01-9999,69765,Customer Service
10817,02-10-1958,Uri,Rullman,F,26-12-1990,24-01-2000,01-01-9999,70690,Customer Service
10817,02-10-1958,Uri,Rullman,F,26-12-1990,24-01-2000,01-01-9999,72348,Customer Service
10817,02-10-1958,Uri,Rullman,F,26-12-1990,24-01-2000,01-01-9999,76796,Customer Service
10817,02-10-1958,Uri,Rullman,F,26-12-1990,24-01-2000,01-01-9999,78202,Customer Service
10836,15-07-1953,Jianhua,Leivant,F,26-07-1985,01-07-1991,01-01-9999,65502,Customer Service
10836,15-07-1953,Jianhua,Leivant,F,26-07-1985,01-07-1991,01-01-9999,69820,Customer Service
10836,15-07-1953,Jianhua,Leivant,F,26-07-1985,01-07-1991,01-01-9999,72697,Customer Service
10836,15-07-1953,Jianhua,Leivant,F,26-07-1985,01-07-1991,01-01-9999,75405,Customer Service
10836,15-07-1953,Jianhua,Leivant,F,26-07-1985,01-07-1991,01-01-9999,79107,Customer Service
10836,15-07-1953,Jianhua,Leivant,F,26-07-1985,01-07-1991,01-01-9999,79394,Customer Service
10836,15-07-1953,Jianhua,Leivant,F,26-07-1985,01-07-1991,01-01-9999,79589,Customer Service
10836,15-07-1953,Jianhua,Leivant,F,26-07-1985,01-07-1991,01-01-9999,83146,Customer Service
10836,15-07-1953,Jianhua,Leivant,F,26-07-1985,01-07-1991,01-01-9999,85682,Customer Service
10836,15-07-1953,Jianhua,Leivant,F,26-07-1985,01-07-1991,01-01-9999,85350,Customer Service
10836,15-07-1953,Jianhua,Leivant,F,26-07-1985,01-07-1991,01-01-9999,89755,Customer Service
10836,15-07-1953,Jianhua,Leivant,F,26-07-1985,01-07-1991,01-01-9999,90698,Customer Service
10836,15-07-1953,Jianhua,Leivant,F,26-07-1985,01-07-1991,01-01-9999,94902,Customer Service
10836,15-07-1953,Jianhua,Leivant,F,26-07-1985,01-07-1991,01-01-9999,98162,Customer Service
10836,15-07-1953,Jianhua,Leivant,F,26-07-1985,01-07-1991,01-01-9999,99085,Customer Service
10841,14-10-1961,Pranav,Lieberherr,M,21-04-1990,22-01-1992,01-01-9999,40000,Customer Service
10841,14-10-1961,Pranav,Lieberherr,M,21-04-1990,22-01-1992,01-01-9999,43675,Customer Service
10841,14-10-1961,Pranav,Lieberherr,M,21-04-1990,22-01-1992,01-01-9999,47485,Customer Service
10841,14-10-1961,Pranav,Lieberherr,M,21-04-1990,22-01-1992,01-01-9999,51005,Customer Service
10841,14-10-1961,Pranav,Lieberherr,M,21-04-1990,22-01-1992,01-01-9999,52217,Customer Service
10841,14-10-1961,Pranav,Lieberherr,M,21-04-1990,22-01-1992,01-01-9999,52833,Customer Service
10841,14-10-1961,Pranav,Lieberherr,M,21-04-1990,22-01-1992,01-01-9999,52797,Customer Service
10841,14-10-1961,Pranav,Lieberherr,M,21-04-1990,22-01-1992,01-01-9999,56041,Customer Service
10841,14-10-1961,Pranav,Lieberherr,M,21-04-1990,22-01-1992,01-01-9999,57118,Customer Service
10841,14-10-1961,Pranav,Lieberherr,M,21-04-1990,22-01-1992,01-01-9999,57707,Customer Service
10841,14-10-1961,Pranav,Lieberherr,M,21-04-1990,22-01-1992,01-01-9999,61080,Customer Service
10856,13-03-1964,Sreenivas,Peck,F,31-12-1986,31-12-1986,18-06-1990,42965,Customer Service
10856,13-03-1964,Sreenivas,Peck,F,31-12-1986,31-12-1986,18-06-1990,46808,Customer Service
10856,13-03-1964,Sreenivas,Peck,F,31-12-1986,31-12-1986,18-06-1990,48025,Customer Service
10856,13-03-1964,Sreenivas,Peck,F,31-12-1986,31-12-1986,18-06-1990,51794,Customer Service
10865,16-03-1961,Danco,Etalle,M,19-04-1991,03-07-1993,19-09-1993,76287,Customer Service
10869,09-10-1962,Guangming,Jonsson,F,15-03-1996,04-09-1997,15-10-1998,40000,Customer Service
10869,09-10-1962,Guangming,Jonsson,F,15-03-1996,04-09-1997,15-10-1998,39549,Customer Service
10871,24-10-1952,Aram,Gilg,M,15-02-1989,16-06-1999,01-01-9999,40000,Customer Service
10871,24-10-1952,Aram,Gilg,M,15-02-1989,16-06-1999,01-01-9999,40981,Customer Service
10871,24-10-1952,Aram,Gilg,M,15-02-1989,16-06-1999,01-01-9999,42798,Customer Service
10871,24-10-1952,Aram,Gilg,M,15-02-1989,16-06-1999,01-01-9999,43004,Customer Service
10895,21-03-1952,Vishwani,Petersohn,M,26-04-1986,25-12-1986,13-04-1987,67103,Customer Service
10903,04-06-1958,Visit,Nyanchama,M,14-02-1989,14-02-1989,01-01-9999,48377,Customer Service
10903,04-06-1958,Visit,Nyanchama,M,14-02-1989,14-02-1989,01-01-9999,51923,Customer Service
10903,04-06-1958,Visit,Nyanchama,M,14-02-1989,14-02-1989,01-01-9999,55673,Customer Service
10903,04-06-1958,Visit,Nyanchama,M,14-02-1989,14-02-1989,01-01-9999,55307,Customer Service
10903,04-06-1958,Visit,Nyanchama,M,14-02-1989,14-02-1989,01-01-9999,54935,Customer Service
10903,04-06-1958,Visit,Nyanchama,M,14-02-1989,14-02-1989,01-01-9999,55219,Customer Service
10903,04-06-1958,Visit,Nyanchama,M,14-02-1989,14-02-1989,01-01-9999,58033,Customer Service
10903,04-06-1958,Visit,Nyanchama,M,14-02-1989,14-02-1989,01-01-9999,59352,Customer Service
10903,04-06-1958,Visit,Nyanchama,M,14-02-1989,14-02-1989,01-01-9999,61885,Customer Service
10903,04-06-1958,Visit,Nyanchama,M,14-02-1989,14-02-1989,01-01-9999,63125,Customer Service
10903,04-06-1958,Visit,Nyanchama,M,14-02-1989,14-02-1989,01-01-9999,63423,Customer Service
10903,04-06-1958,Visit,Nyanchama,M,14-02-1989,14-02-1989,01-01-9999,65073,Customer Service
10903,04-06-1958,Visit,Nyanchama,M,14-02-1989,14-02-1989,01-01-9999,69316,Customer Service
10903,04-06-1958,Visit,Nyanchama,M,14-02-1989,14-02-1989,01-01-9999,72986,Customer Service
10910,11-11-1958,Arco,Jervis,M,13-07-1989,02-09-1989,01-01-9999,40000,Customer Service
10910,11-11-1958,Arco,Jervis,M,13-07-1989,02-09-1989,01-01-9999,41068,Customer Service
10910,11-11-1958,Arco,Jervis,M,13-07-1989,02-09-1989,01-01-9999,44232,Customer Service
10910,11-11-1958,Arco,Jervis,M,13-07-1989,02-09-1989,01-01-9999,47337,Customer Service
10910,11-11-1958,Arco,Jervis,M,13-07-1989,02-09-1989,01-01-9999,50059,Customer Service
10910,11-11-1958,Arco,Jervis,M,13-07-1989,02-09-1989,01-01-9999,54284,Customer Service
10910,11-11-1958,Arco,Jervis,M,13-07-1989,02-09-1989,01-01-9999,56347,Customer Service
10910,11-11-1958,Arco,Jervis,M,13-07-1989,02-09-1989,01-01-9999,55894,Customer Service
10910,11-11-1958,Arco,Jervis,M,13-07-1989,02-09-1989,01-01-9999,55495,Customer Service
10910,11-11-1958,Arco,Jervis,M,13-07-1989,02-09-1989,01-01-9999,58993,Customer Service
10910,11-11-1958,Arco,Jervis,M,13-07-1989,02-09-1989,01-01-9999,60019,Customer Service
10910,11-11-1958,Arco,Jervis,M,13-07-1989,02-09-1989,01-01-9999,62621,Customer Service
10910,11-11-1958,Arco,Jervis,M,13-07-1989,02-09-1989,01-01-9999,65863,Customer Service
10926,13-10-1954,Leni,Eppinger,F,30-04-1990,04-11-1992,01-01-9999,43219,Customer Service
10926,13-10-1954,Leni,Eppinger,F,30-04-1990,04-11-1992,01-01-9999,46320,Customer Service
10926,13-10-1954,Leni,Eppinger,F,30-04-1990,04-11-1992,01-01-9999,48354,Customer Service
10926,13-10-1954,Leni,Eppinger,F,30-04-1990,04-11-1992,01-01-9999,50070,Customer Service
10926,13-10-1954,Leni,Eppinger,F,30-04-1990,04-11-1992,01-01-9999,53819,Customer Service
10926,13-10-1954,Leni,Eppinger,F,30-04-1990,04-11-1992,01-01-9999,54163,Customer Service
10926,13-10-1954,Leni,Eppinger,F,30-04-1990,04-11-1992,01-01-9999,57301,Customer Service
10926,13-10-1954,Leni,Eppinger,F,30-04-1990,04-11-1992,01-01-9999,57056,Customer Service
10926,13-10-1954,Leni,Eppinger,F,30-04-1990,04-11-1992,01-01-9999,60296,Customer Service
10926,13-10-1954,Leni,Eppinger,F,30-04-1990,04-11-1992,01-01-9999,62784,Customer Service
10926,13-10-1954,Leni,Eppinger,F,30-04-1990,04-11-1992,01-01-9999,66817,Customer Service
10926,13-10-1954,Leni,Eppinger,F,30-04-1990,04-11-1992,01-01-9999,68764,Customer Service
10926,13-10-1954,Leni,Eppinger,F,30-04-1990,04-11-1992,01-01-9999,71265,Customer Service
10946,08-09-1956,Shaz,Kabayashi,M,04-02-1996,26-10-1996,01-01-9999,59531,Customer Service
10946,08-09-1956,Shaz,Kabayashi,M,04-02-1996,26-10-1996,01-01-9999,63967,Customer Service
10946,08-09-1956,Shaz,Kabayashi,M,04-02-1996,26-10-1996,01-01-9999,64981,Customer Service
10946,08-09-1956,Shaz,Kabayashi,M,04-02-1996,26-10-1996,01-01-9999,67398,Customer Service
10946,08-09-1956,Shaz,Kabayashi,M,04-02-1996,26-10-1996,01-01-9999,68987,Customer Service
10946,08-09-1956,Shaz,Kabayashi,M,04-02-1996,26-10-1996,01-01-9999,72210,Customer Service
10947,29-09-1954,Gor,Usery,F,16-11-1995,16-11-1995,01-01-9999,43068,Customer Service
10947,29-09-1954,Gor,Usery,F,16-11-1995,16-11-1995,01-01-9999,45780,Customer Service
10947,29-09-1954,Gor,Usery,F,16-11-1995,16-11-1995,01-01-9999,45522,Customer Service
10947,29-09-1954,Gor,Usery,F,16-11-1995,16-11-1995,01-01-9999,49974,Customer Service
10947,29-09-1954,Gor,Usery,F,16-11-1995,16-11-1995,01-01-9999,49983,Customer Service
10947,29-09-1954,Gor,Usery,F,16-11-1995,16-11-1995,01-01-9999,51790,Customer Service
10947,29-09-1954,Gor,Usery,F,16-11-1995,16-11-1995,01-01-9999,53199,Customer Service
10954,16-11-1964,Ranga,Burnard,F,07-08-1990,14-12-1995,01-01-9999,40000,Customer Service
10954,16-11-1964,Ranga,Burnard,F,07-08-1990,14-12-1995,01-01-9999,40371,Customer Service
10954,16-11-1964,Ranga,Burnard,F,07-08-1990,14-12-1995,01-01-9999,41423,Customer Service
10954,16-11-1964,Ranga,Burnard,F,07-08-1990,14-12-1995,01-01-9999,41661,Customer Service
10954,16-11-1964,Ranga,Burnard,F,07-08-1990,14-12-1995,01-01-9999,41938,Customer Service
10954,16-11-1964,Ranga,Burnard,F,07-08-1990,14-12-1995,01-01-9999,44945,Customer Service
10954,16-11-1964,Ranga,Burnard,F,07-08-1990,14-12-1995,01-01-9999,48707,Customer Service
10975,27-07-1962,Peternela,Birnbaum,F,31-10-1986,14-01-1997,01-01-9999,40000,Customer Service
10975,27-07-1962,Peternela,Birnbaum,F,31-10-1986,14-01-1997,01-01-9999,40131,Customer Service
10975,27-07-1962,Peternela,Birnbaum,F,31-10-1986,14-01-1997,01-01-9999,40323,Customer Service
10975,27-07-1962,Peternela,Birnbaum,F,31-10-1986,14-01-1997,01-01-9999,44729,Customer Service
10975,27-07-1962,Peternela,Birnbaum,F,31-10-1986,14-01-1997,01-01-9999,47520,Customer Service
10975,27-07-1962,Peternela,Birnbaum,F,31-10-1986,14-01-1997,01-01-9999,48015,Customer Service
10975,27-07-1962,Peternela,Birnbaum,F,31-10-1986,14-01-1997,01-01-9999,49786,Customer Service
10975,27-07-1962,Peternela,Birnbaum,F,31-10-1986,14-01-1997,01-01-9999,52748,Customer Service
10975,27-07-1962,Peternela,Birnbaum,F,31-10-1986,14-01-1997,01-01-9999,53961,Customer Service
10975,27-07-1962,Peternela,Birnbaum,F,31-10-1986,14-01-1997,01-01-9999,54228,Customer Service
10975,27-07-1962,Peternela,Birnbaum,F,31-10-1986,14-01-1997,01-01-9999,57909,Customer Service
11012,12-09-1953,Taegyun,Speckmann,F,28-12-1986,16-03-2000,01-01-9999,72092,Customer Service
11012,12-09-1953,Taegyun,Speckmann,F,28-12-1986,16-03-2000,01-01-9999,73192,Customer Service
11012,12-09-1953,Taegyun,Speckmann,F,28-12-1986,16-03-2000,01-01-9999,73502,Customer Service
11012,12-09-1953,Taegyun,Speckmann,F,28-12-1986,16-03-2000,01-01-9999,76332,Customer Service
11012,12-09-1953,Taegyun,Speckmann,F,28-12-1986,16-03-2000,01-01-9999,78032,Customer Service
11012,12-09-1953,Taegyun,Speckmann,F,28-12-1986,16-03-2000,01-01-9999,77866,Customer Service
11012,12-09-1953,Taegyun,Speckmann,F,28-12-1986,16-03-2000,01-01-9999,77994,Customer Service
11022,02-02-1964,Apostol,Pintelas,F,01-08-1988,18-10-1993,01-01-9999,85058,Customer Service
11022,02-02-1964,Apostol,Pintelas,F,01-08-1988,18-10-1993,01-01-9999,87174,Customer Service
11022,02-02-1964,Apostol,Pintelas,F,01-08-1988,18-10-1993,01-01-9999,88431,Customer Service
11022,02-02-1964,Apostol,Pintelas,F,01-08-1988,18-10-1993,01-01-9999,88940,Customer Service
11022,02-02-1964,Apostol,Pintelas,F,01-08-1988,18-10-1993,01-01-9999,88466,Customer Service
11022,02-02-1964,Apostol,Pintelas,F,01-08-1988,18-10-1993,01-01-9999,91485,Customer Service
11022,02-02-1964,Apostol,Pintelas,F,01-08-1988,18-10-1993,01-01-9999,91794,Customer Service
11022,02-02-1964,Apostol,Pintelas,F,01-08-1988,18-10-1993,01-01-9999,94674,Customer Service
11022,02-02-1964,Apostol,Pintelas,F,01-08-1988,18-10-1993,01-01-9999,98415,Customer Service
11022,02-02-1964,Apostol,Pintelas,F,01-08-1988,18-10-1993,01-01-9999,102594,Customer Service
11032,19-04-1953,Erez,Schaaf,M,12-03-1992,06-06-1994,15-12-2000,40000,Customer Service
11032,19-04-1953,Erez,Schaaf,M,12-03-1992,06-06-1994,15-12-2000,41363,Customer Service
11032,19-04-1953,Erez,Schaaf,M,12-03-1992,06-06-1994,15-12-2000,40871,Customer Service
11032,19-04-1953,Erez,Schaaf,M,12-03-1992,06-06-1994,15-12-2000,42945,Customer Service
11032,19-04-1953,Erez,Schaaf,M,12-03-1992,06-06-1994,15-12-2000,47100,Customer Service
11032,19-04-1953,Erez,Schaaf,M,12-03-1992,06-06-1994,15-12-2000,48140,Customer Service
11032,19-04-1953,Erez,Schaaf,M,12-03-1992,06-06-1994,15-12-2000,49951,Customer Service
11032,19-04-1953,Erez,Schaaf,M,12-03-1992,06-06-1994,15-12-2000,52207,Customer Service
11032,19-04-1953,Erez,Schaaf,M,12-03-1992,06-06-1994,15-12-2000,52119,Customer Service
11034,23-10-1961,Moti,Shrader,F,01-01-1993,01-01-1993,01-01-9999,40000,Customer Service
11034,23-10-1961,Moti,Shrader,F,01-01-1993,01-01-1993,01-01-9999,43341,Customer Service
11034,23-10-1961,Moti,Shrader,F,01-01-1993,01-01-1993,01-01-9999,42994,Customer Service
11034,23-10-1961,Moti,Shrader,F,01-01-1993,01-01-1993,01-01-9999,44414,Customer Service
11034,23-10-1961,Moti,Shrader,F,01-01-1993,01-01-1993,01-01-9999,48063,Customer Service
11034,23-10-1961,Moti,Shrader,F,01-01-1993,01-01-1993,01-01-9999,49037,Customer Service
11034,23-10-1961,Moti,Shrader,F,01-01-1993,01-01-1993,01-01-9999,51084,Customer Service
11034,23-10-1961,Moti,Shrader,F,01-01-1993,01-01-1993,01-01-9999,53297,Customer Service
11034,23-10-1961,Moti,Shrader,F,01-01-1993,01-01-1993,01-01-9999,56489,Customer Service
11034,23-10-1961,Moti,Shrader,F,01-01-1993,01-01-1993,01-01-9999,60234,Customer Service
11047,11-03-1959,Heping,Gluchowski,F,19-07-1995,14-08-1995,01-01-9999,40000,Customer Service
11047,11-03-1959,Heping,Gluchowski,F,19-07-1995,14-08-1995,01-01-9999,43761,Customer Service
11047,11-03-1959,Heping,Gluchowski,F,19-07-1995,14-08-1995,01-01-9999,46697,Customer Service
11047,11-03-1959,Heping,Gluchowski,F,19-07-1995,14-08-1995,01-01-9999,47198,Customer Service
11047,11-03-1959,Heping,Gluchowski,F,19-07-1995,14-08-1995,01-01-9999,47543,Customer Service
11047,11-03-1959,Heping,Gluchowski,F,19-07-1995,14-08-1995,01-01-9999,48615,Customer Service
11047,11-03-1959,Heping,Gluchowski,F,19-07-1995,14-08-1995,01-01-9999,51336,Customer Service
11052,16-03-1960,Parto,Hitomi,F,11-11-1988,11-11-1988,05-05-1991,40000,Customer Service
11052,16-03-1960,Parto,Hitomi,F,11-11-1988,11-11-1988,05-05-1991,43594,Customer Service
11052,16-03-1960,Parto,Hitomi,F,11-11-1988,11-11-1988,05-05-1991,43368,Customer Service
11052,16-03-1960,Parto,Hitomi,F,11-11-1988,11-11-1988,05-05-1991,47838,Customer Service
11052,16-03-1960,Parto,Hitomi,F,11-11-1988,11-11-1988,05-05-1991,49608,Customer Service
11052,16-03-1960,Parto,Hitomi,F,11-11-1988,11-11-1988,05-05-1991,50053,Customer Service
11052,16-03-1960,Parto,Hitomi,F,11-11-1988,11-11-1988,05-05-1991,49769,Customer Service
11052,16-03-1960,Parto,Hitomi,F,11-11-1988,11-11-1988,05-05-1991,51339,Customer Service
11072,10-04-1961,Arfst,Pulkowski,M,27-12-1985,04-08-1994,15-01-1997,40000,Customer Service
11072,10-04-1961,Arfst,Pulkowski,M,27-12-1985,04-08-1994,15-01-1997,44228,Customer Service
11072,10-04-1961,Arfst,Pulkowski,M,27-12-1985,04-08-1994,15-01-1997,46306,Customer Service
11072,10-04-1961,Arfst,Pulkowski,M,27-12-1985,04-08-1994,15-01-1997,49217,Customer Service
11072,10-04-1961,Arfst,Pulkowski,M,27-12-1985,04-08-1994,15-01-1997,49560,Customer Service
11072,10-04-1961,Arfst,Pulkowski,M,27-12-1985,04-08-1994,15-01-1997,50192,Customer Service
11072,10-04-1961,Arfst,Pulkowski,M,27-12-1985,04-08-1994,15-01-1997,52290,Customer Service
11072,10-04-1961,Arfst,Pulkowski,M,27-12-1985,04-08-1994,15-01-1997,51830,Customer Service
11074,17-08-1963,Spyrose,Peak,M,23-04-1992,15-06-1995,01-01-9999,44035,Customer Service
11074,17-08-1963,Spyrose,Peak,M,23-04-1992,15-06-1995,01-01-9999,45510,Customer Service
11074,17-08-1963,Spyrose,Peak,M,23-04-1992,15-06-1995,01-01-9999,45414,Customer Service
11074,17-08-1963,Spyrose,Peak,M,23-04-1992,15-06-1995,01-01-9999,46460,Customer Service
11074,17-08-1963,Spyrose,Peak,M,23-04-1992,15-06-1995,01-01-9999,48844,Customer Service
11074,17-08-1963,Spyrose,Peak,M,23-04-1992,15-06-1995,01-01-9999,50605,Customer Service
11074,17-08-1963,Spyrose,Peak,M,23-04-1992,15-06-1995,01-01-9999,50168,Customer Service
11074,17-08-1963,Spyrose,Peak,M,23-04-1992,15-06-1995,01-01-9999,54055,Customer Service
11077,28-01-1953,Hideyuki,Merro,F,10-10-1995,30-04-1998,11-10-1998,42983,Customer Service
11094,28-08-1958,Xiaoshan,Ratnaker,F,26-08-1991,25-07-1992,01-01-9999,40000,Customer Service
11094,28-08-1958,Xiaoshan,Ratnaker,F,26-08-1991,25-07-1992,01-01-9999,43386,Customer Service
11094,28-08-1958,Xiaoshan,Ratnaker,F,26-08-1991,25-07-1992,01-01-9999,44726,Customer Service
11094,28-08-1958,Xiaoshan,Ratnaker,F,26-08-1991,25-07-1992,01-01-9999,46266,Customer Service
11094,28-08-1958,Xiaoshan,Ratnaker,F,26-08-1991,25-07-1992,01-01-9999,50177,Customer Service
11094,28-08-1958,Xiaoshan,Ratnaker,F,26-08-1991,25-07-1992,01-01-9999,51751,Customer Service
11094,28-08-1958,Xiaoshan,Ratnaker,F,26-08-1991,25-07-1992,01-01-9999,53506,Customer Service
11094,28-08-1958,Xiaoshan,Ratnaker,F,26-08-1991,25-07-1992,01-01-9999,55274,Customer Service
11094,28-08-1958,Xiaoshan,Ratnaker,F,26-08-1991,25-07-1992,01-01-9999,58765,Customer Service
11094,28-08-1958,Xiaoshan,Ratnaker,F,26-08-1991,25-07-1992,01-01-9999,59028,Customer Service
11094,28-08-1958,Xiaoshan,Ratnaker,F,26-08-1991,25-07-1992,01-01-9999,60433,Customer Service
11095,31-12-1961,Nathan,Flowers,M,28-05-1994,14-02-1997,01-01-9999,40000,Customer Service
11095,31-12-1961,Nathan,Flowers,M,28-05-1994,14-02-1997,01-01-9999,42861,Customer Service
11095,31-12-1961,Nathan,Flowers,M,28-05-1994,14-02-1997,01-01-9999,43526,Customer Service
11095,31-12-1961,Nathan,Flowers,M,28-05-1994,14-02-1997,01-01-9999,45304,Customer Service
11095,31-12-1961,Nathan,Flowers,M,28-05-1994,14-02-1997,01-01-9999,47104,Customer Service
11095,31-12-1961,Nathan,Flowers,M,28-05-1994,14-02-1997,01-01-9999,49217,Customer Service
11102,14-03-1959,Bernardo,Carrera,M,03-01-1991,29-08-1997,18-08-2001,68721,Customer Service
11102,14-03-1959,Bernardo,Carrera,M,03-01-1991,29-08-1997,18-08-2001,69124,Customer Service
11102,14-03-1959,Bernardo,Carrera,M,03-01-1991,29-08-1997,18-08-2001,70054,Customer Service
11102,14-03-1959,Bernardo,Carrera,M,03-01-1991,29-08-1997,18-08-2001,70196,Customer Service
11102,14-03-1959,Bernardo,Carrera,M,03-01-1991,29-08-1997,18-08-2001,73153,Customer Service
11110,11-12-1955,Valeska,Birjandi,F,14-11-1987,14-11-1987,23-09-1988,43063,Customer Service
11110,11-12-1955,Valeska,Birjandi,F,14-11-1987,14-11-1987,23-09-1988,44638,Customer Service
11110,11-12-1955,Valeska,Birjandi,F,14-11-1987,14-11-1987,23-09-1988,45782,Customer Service
11110,11-12-1955,Valeska,Birjandi,F,14-11-1987,14-11-1987,23-09-1988,46238,Customer Service
11110,11-12-1955,Valeska,Birjandi,F,14-11-1987,14-11-1987,23-09-1988,49436,Customer Service
11112,05-08-1954,Boaz,Mukaidono,M,20-08-1987,28-04-1995,01-01-9999,40000,Customer Service
11112,05-08-1954,Boaz,Mukaidono,M,20-08-1987,28-04-1995,01-01-9999,40764,Customer Service
11112,05-08-1954,Boaz,Mukaidono,M,20-08-1987,28-04-1995,01-01-9999,42279,Customer Service
11112,05-08-1954,Boaz,Mukaidono,M,20-08-1987,28-04-1995,01-01-9999,42972,Customer Service
11112,05-08-1954,Boaz,Mukaidono,M,20-08-1987,28-04-1995,01-01-9999,43455,Customer Service
11112,05-08-1954,Boaz,Mukaidono,M,20-08-1987,28-04-1995,01-01-9999,44367,Customer Service
11112,05-08-1954,Boaz,Mukaidono,M,20-08-1987,28-04-1995,01-01-9999,47993,Customer Service
11112,05-08-1954,Boaz,Mukaidono,M,20-08-1987,28-04-1995,01-01-9999,52005,Customer Service
11120,15-12-1961,Masato,Curless,F,22-01-1988,19-06-1996,01-01-9999,79352,Customer Service
11120,15-12-1961,Masato,Curless,F,22-01-1988,19-06-1996,01-01-9999,83255,Customer Service
11120,15-12-1961,Masato,Curless,F,22-01-1988,19-06-1996,01-01-9999,86811,Customer Service
11120,15-12-1961,Masato,Curless,F,22-01-1988,19-06-1996,01-01-9999,88024,Customer Service
11120,15-12-1961,Masato,Curless,F,22-01-1988,19-06-1996,01-01-9999,87983,Customer Service
11120,15-12-1961,Masato,Curless,F,22-01-1988,19-06-1996,01-01-9999,91616,Customer Service
11120,15-12-1961,Masato,Curless,F,22-01-1988,19-06-1996,01-01-9999,95384,Customer Service
11120,15-12-1961,Masato,Curless,F,22-01-1988,19-06-1996,01-01-9999,98633,Customer Service
11120,15-12-1961,Masato,Curless,F,22-01-1988,19-06-1996,01-01-9999,101526,Customer Service
11120,15-12-1961,Masato,Curless,F,22-01-1988,19-06-1996,01-01-9999,102479,Customer Service
11120,15-12-1961,Masato,Curless,F,22-01-1988,19-06-1996,01-01-9999,106937,Customer Service
11120,15-12-1961,Masato,Curless,F,22-01-1988,19-06-1996,01-01-9999,106697,Customer Service
11120,15-12-1961,Masato,Curless,F,22-01-1988,19-06-1996,01-01-9999,109966,Customer Service
11120,15-12-1961,Masato,Curless,F,22-01-1988,19-06-1996,01-01-9999,111246,Customer Service
11120,15-12-1961,Masato,Curless,F,22-01-1988,19-06-1996,01-01-9999,115504,Customer Service
11135,14-09-1958,Xinyu,Mellouli,M,22-10-1991,22-10-1991,01-01-9999,40000,Customer Service
11135,14-09-1958,Xinyu,Mellouli,M,22-10-1991,22-10-1991,01-01-9999,43934,Customer Service
11135,14-09-1958,Xinyu,Mellouli,M,22-10-1991,22-10-1991,01-01-9999,46506,Customer Service
11135,14-09-1958,Xinyu,Mellouli,M,22-10-1991,22-10-1991,01-01-9999,47075,Customer Service
11135,14-09-1958,Xinyu,Mellouli,M,22-10-1991,22-10-1991,01-01-9999,48330,Customer Service
11135,14-09-1958,Xinyu,Mellouli,M,22-10-1991,22-10-1991,01-01-9999,48840,Customer Service
11135,14-09-1958,Xinyu,Mellouli,M,22-10-1991,22-10-1991,01-01-9999,50586,Customer Service
11135,14-09-1958,Xinyu,Mellouli,M,22-10-1991,22-10-1991,01-01-9999,50377,Customer Service
11135,14-09-1958,Xinyu,Mellouli,M,22-10-1991,22-10-1991,01-01-9999,50005,Customer Service
11135,14-09-1958,Xinyu,Mellouli,M,22-10-1991,22-10-1991,01-01-9999,54312,Customer Service
11135,14-09-1958,Xinyu,Mellouli,M,22-10-1991,22-10-1991,01-01-9999,55665,Customer Service
11139,13-10-1955,Bogdan,Homond,F,24-12-1985,11-05-1990,01-01-9999,63596,Customer Service
11139,13-10-1955,Bogdan,Homond,F,24-12-1985,11-05-1990,01-01-9999,63467,Customer Service
11139,13-10-1955,Bogdan,Homond,F,24-12-1985,11-05-1990,01-01-9999,64495,Customer Service
11139,13-10-1955,Bogdan,Homond,F,24-12-1985,11-05-1990,01-01-9999,64796,Customer Service
11139,13-10-1955,Bogdan,Homond,F,24-12-1985,11-05-1990,01-01-9999,68238,Customer Service
11139,13-10-1955,Bogdan,Homond,F,24-12-1985,11-05-1990,01-01-9999,68668,Customer Service
11139,13-10-1955,Bogdan,Homond,F,24-12-1985,11-05-1990,01-01-9999,69943,Customer Service
11139,13-10-1955,Bogdan,Homond,F,24-12-1985,11-05-1990,01-01-9999,73767,Customer Service
11139,13-10-1955,Bogdan,Homond,F,24-12-1985,11-05-1990,01-01-9999,75737,Customer Service
11139,13-10-1955,Bogdan,Homond,F,24-12-1985,11-05-1990,01-01-9999,77950,Customer Service
11139,13-10-1955,Bogdan,Homond,F,24-12-1985,11-05-1990,01-01-9999,81403,Customer Service
11139,13-10-1955,Bogdan,Homond,F,24-12-1985,11-05-1990,01-01-9999,83696,Customer Service
11139,13-10-1955,Bogdan,Homond,F,24-12-1985,11-05-1990,01-01-9999,85274,Customer Service
11185,10-04-1954,Aloys,Baezner,M,26-01-1995,26-01-1995,01-01-9999,40000,Customer Service
11185,10-04-1954,Aloys,Baezner,M,26-01-1995,26-01-1995,01-01-9999,40336,Customer Service
11185,10-04-1954,Aloys,Baezner,M,26-01-1995,26-01-1995,01-01-9999,44720,Customer Service
11185,10-04-1954,Aloys,Baezner,M,26-01-1995,26-01-1995,01-01-9999,44997,Customer Service
11185,10-04-1954,Aloys,Baezner,M,26-01-1995,26-01-1995,01-01-9999,45343,Customer Service
11185,10-04-1954,Aloys,Baezner,M,26-01-1995,26-01-1995,01-01-9999,49397,Customer Service
11185,10-04-1954,Aloys,Baezner,M,26-01-1995,26-01-1995,01-01-9999,49822,Customer Service
11185,10-04-1954,Aloys,Baezner,M,26-01-1995,26-01-1995,01-01-9999,50318,Customer Service
11209,25-06-1964,Xuejun,Penn,M,06-09-1997,08-02-2000,01-01-9999,40000,Customer Service
11209,25-06-1964,Xuejun,Penn,M,06-09-1997,08-02-2000,01-01-9999,42829,Customer Service
11209,25-06-1964,Xuejun,Penn,M,06-09-1997,08-02-2000,01-01-9999,46671,Customer Service
11209,25-06-1964,Xuejun,Penn,M,06-09-1997,08-02-2000,01-01-9999,49122,Customer Service
11224,12-11-1959,Hugo,Mitzlaff,F,01-05-1988,01-05-1988,05-10-1998,40000,Customer Service
11224,12-11-1959,Hugo,Mitzlaff,F,01-05-1988,01-05-1988,05-10-1998,43359,Customer Service
11224,12-11-1959,Hugo,Mitzlaff,F,01-05-1988,01-05-1988,05-10-1998,47402,Customer Service
11224,12-11-1959,Hugo,Mitzlaff,F,01-05-1988,01-05-1988,05-10-1998,49841,Customer Service
11224,12-11-1959,Hugo,Mitzlaff,F,01-05-1988,01-05-1988,05-10-1998,49562,Customer Service
11224,12-11-1959,Hugo,Mitzlaff,F,01-05-1988,01-05-1988,05-10-1998,49600,Customer Service
11224,12-11-1959,Hugo,Mitzlaff,F,01-05-1988,01-05-1988,05-10-1998,50947,Customer Service
11224,12-11-1959,Hugo,Mitzlaff,F,01-05-1988,01-05-1988,05-10-1998,53225,Customer Service
11224,12-11-1959,Hugo,Mitzlaff,F,01-05-1988,01-05-1988,05-10-1998,56929,Customer Service
11224,12-11-1959,Hugo,Mitzlaff,F,01-05-1988,01-05-1988,05-10-1998,56782,Customer Service
11224,12-11-1959,Hugo,Mitzlaff,F,01-05-1988,01-05-1988,05-10-1998,58189,Customer Service
11232,03-09-1955,Hidefumi,Crelier,M,02-02-1988,02-08-1994,01-01-9999,43863,Customer Service
11232,03-09-1955,Hidefumi,Crelier,M,02-02-1988,02-08-1994,01-01-9999,46236,Customer Service
11232,03-09-1955,Hidefumi,Crelier,M,02-02-1988,02-08-1994,01-01-9999,49061,Customer Service
11232,03-09-1955,Hidefumi,Crelier,M,02-02-1988,02-08-1994,01-01-9999,52879,Customer Service
11232,03-09-1955,Hidefumi,Crelier,M,02-02-1988,02-08-1994,01-01-9999,55497,Customer Service
11232,03-09-1955,Hidefumi,Crelier,M,02-02-1988,02-08-1994,01-01-9999,59395,Customer Service
11232,03-09-1955,Hidefumi,Crelier,M,02-02-1988,02-08-1994,01-01-9999,62710,Customer Service
11232,03-09-1955,Hidefumi,Crelier,M,02-02-1988,02-08-1994,01-01-9999,63082,Customer Service
11232,03-09-1955,Hidefumi,Crelier,M,02-02-1988,02-08-1994,01-01-9999,63013,Customer Service
11244,20-08-1959,Navin,Restivo,F,08-06-1985,08-06-1985,01-01-9999,40000,Customer Service
11244,20-08-1959,Navin,Restivo,F,08-06-1985,08-06-1985,01-01-9999,42210,Customer Service
11244,20-08-1959,Navin,Restivo,F,08-06-1985,08-06-1985,01-01-9999,45935,Customer Service
11244,20-08-1959,Navin,Restivo,F,08-06-1985,08-06-1985,01-01-9999,48194,Customer Service
11244,20-08-1959,Navin,Restivo,F,08-06-1985,08-06-1985,01-01-9999,52130,Customer Service
11244,20-08-1959,Navin,Restivo,F,08-06-1985,08-06-1985,01-01-9999,54249,Customer Service
11244,20-08-1959,Navin,Restivo,F,08-06-1985,08-06-1985,01-01-9999,57272,Customer Service
11244,20-08-1959,Navin,Restivo,F,08-06-1985,08-06-1985,01-01-9999,59540,Customer Service
11244,20-08-1959,Navin,Restivo,F,08-06-1985,08-06-1985,01-01-9999,63531,Customer Service
11244,20-08-1959,Navin,Restivo,F,08-06-1985,08-06-1985,01-01-9999,66099,Customer Service
11244,20-08-1959,Navin,Restivo,F,08-06-1985,08-06-1985,01-01-9999,69261,Customer Service
11244,20-08-1959,Navin,Restivo,F,08-06-1985,08-06-1985,01-01-9999,73222,Customer Service
11244,20-08-1959,Navin,Restivo,F,08-06-1985,08-06-1985,01-01-9999,75099,Customer Service
11244,20-08-1959,Navin,Restivo,F,08-06-1985,08-06-1985,01-01-9999,79173,Customer Service
11244,20-08-1959,Navin,Restivo,F,08-06-1985,08-06-1985,01-01-9999,79565,Customer Service
11244,20-08-1959,Navin,Restivo,F,08-06-1985,08-06-1985,01-01-9999,80169,Customer Service
11244,20-08-1959,Navin,Restivo,F,08-06-1985,08-06-1985,01-01-9999,81674,Customer Service
11244,20-08-1959,Navin,Restivo,F,08-06-1985,08-06-1985,01-01-9999,83132,Customer Service
11258,12-10-1953,Aris,Maccarone,F,28-03-1991,28-03-1991,01-01-9999,40000,Customer Service
11258,12-10-1953,Aris,Maccarone,F,28-03-1991,28-03-1991,01-01-9999,43311,Customer Service
11258,12-10-1953,Aris,Maccarone,F,28-03-1991,28-03-1991,01-01-9999,46561,Customer Service
11258,12-10-1953,Aris,Maccarone,F,28-03-1991,28-03-1991,01-01-9999,48490,Customer Service
11258,12-10-1953,Aris,Maccarone,F,28-03-1991,28-03-1991,01-01-9999,50516,Customer Service
11258,12-10-1953,Aris,Maccarone,F,28-03-1991,28-03-1991,01-01-9999,54856,Customer Service
11258,12-10-1953,Aris,Maccarone,F,28-03-1991,28-03-1991,01-01-9999,54388,Customer Service
11258,12-10-1953,Aris,Maccarone,F,28-03-1991,28-03-1991,01-01-9999,56453,Customer Service
11258,12-10-1953,Aris,Maccarone,F,28-03-1991,28-03-1991,01-01-9999,58450,Customer Service
11258,12-10-1953,Aris,Maccarone,F,28-03-1991,28-03-1991,01-01-9999,61678,Customer Service
11258,12-10-1953,Aris,Maccarone,F,28-03-1991,28-03-1991,01-01-9999,64854,Customer Service
11258,12-10-1953,Aris,Maccarone,F,28-03-1991,28-03-1991,01-01-9999,67532,Customer Service
11260,11-06-1963,Ingemar,Schade,M,29-09-1993,16-05-1996,01-01-9999,40000,Customer Service
11260,11-06-1963,Ingemar,Schade,M,29-09-1993,16-05-1996,01-01-9999,41740,Customer Service
11260,11-06-1963,Ingemar,Schade,M,29-09-1993,16-05-1996,01-01-9999,45525,Customer Service
11260,11-06-1963,Ingemar,Schade,M,29-09-1993,16-05-1996,01-01-9999,45850,Customer Service
11260,11-06-1963,Ingemar,Schade,M,29-09-1993,16-05-1996,01-01-9999,47692,Customer Service
11260,11-06-1963,Ingemar,Schade,M,29-09-1993,16-05-1996,01-01-9999,48889,Customer Service
11260,11-06-1963,Ingemar,Schade,M,29-09-1993,16-05-1996,01-01-9999,52435,Customer Service
11265,07-04-1962,Marco,DasSarma,M,01-05-1987,27-02-1990,20-03-1996,40000,Customer Service
11265,07-04-1962,Marco,DasSarma,M,01-05-1987,27-02-1990,20-03-1996,41115,Customer Service
11265,07-04-1962,Marco,DasSarma,M,01-05-1987,27-02-1990,20-03-1996,43526,Customer Service
11265,07-04-1962,Marco,DasSarma,M,01-05-1987,27-02-1990,20-03-1996,46691,Customer Service
11265,07-04-1962,Marco,DasSarma,M,01-05-1987,27-02-1990,20-03-1996,48589,Customer Service
11265,07-04-1962,Marco,DasSarma,M,01-05-1987,27-02-1990,20-03-1996,51459,Customer Service
11265,07-04-1962,Marco,DasSarma,M,01-05-1987,27-02-1990,20-03-1996,52476,Customer Service
11274,08-09-1954,Masanao,Nicolson,F,08-10-1989,13-12-1999,01-01-9999,40000,Customer Service
11274,08-09-1954,Masanao,Nicolson,F,08-10-1989,13-12-1999,01-01-9999,42535,Customer Service
11274,08-09-1954,Masanao,Nicolson,F,08-10-1989,13-12-1999,01-01-9999,43538,Customer Service
11278,15-12-1956,Sumali,Juneja,M,22-04-1986,22-04-1986,01-01-9999,40000,Customer Service
11278,15-12-1956,Sumali,Juneja,M,22-04-1986,22-04-1986,01-01-9999,44294,Customer Service
11278,15-12-1956,Sumali,Juneja,M,22-04-1986,22-04-1986,01-01-9999,46375,Customer Service
11278,15-12-1956,Sumali,Juneja,M,22-04-1986,22-04-1986,01-01-9999,45883,Customer Service
11278,15-12-1956,Sumali,Juneja,M,22-04-1986,22-04-1986,01-01-9999,47863,Customer Service
11278,15-12-1956,Sumali,Juneja,M,22-04-1986,22-04-1986,01-01-9999,48127,Customer Service
11278,15-12-1956,Sumali,Juneja,M,22-04-1986,22-04-1986,01-01-9999,50104,Customer Service
11278,15-12-1956,Sumali,Juneja,M,22-04-1986,22-04-1986,01-01-9999,50692,Customer Service
11278,15-12-1956,Sumali,Juneja,M,22-04-1986,22-04-1986,01-01-9999,55078,Customer Service
11278,15-12-1956,Sumali,Juneja,M,22-04-1986,22-04-1986,01-01-9999,59503,Customer Service
11278,15-12-1956,Sumali,Juneja,M,22-04-1986,22-04-1986,01-01-9999,60919,Customer Service
11278,15-12-1956,Sumali,Juneja,M,22-04-1986,22-04-1986,01-01-9999,62588,Customer Service
11278,15-12-1956,Sumali,Juneja,M,22-04-1986,22-04-1986,01-01-9999,65622,Customer Service
11278,15-12-1956,Sumali,Juneja,M,22-04-1986,22-04-1986,01-01-9999,68875,Customer Service
11278,15-12-1956,Sumali,Juneja,M,22-04-1986,22-04-1986,01-01-9999,70458,Customer Service
11278,15-12-1956,Sumali,Juneja,M,22-04-1986,22-04-1986,01-01-9999,72666,Customer Service
11278,15-12-1956,Sumali,Juneja,M,22-04-1986,22-04-1986,01-01-9999,76604,Customer Service
11280,04-01-1964,Lillian,Restivo,F,07-08-1989,07-08-1989,14-04-1998,67177,Customer Service
11280,04-01-1964,Lillian,Restivo,F,07-08-1989,07-08-1989,14-04-1998,69049,Customer Service
11280,04-01-1964,Lillian,Restivo,F,07-08-1989,07-08-1989,14-04-1998,69839,Customer Service
11280,04-01-1964,Lillian,Restivo,F,07-08-1989,07-08-1989,14-04-1998,73580,Customer Service
11280,04-01-1964,Lillian,Restivo,F,07-08-1989,07-08-1989,14-04-1998,77528,Customer Service
11280,04-01-1964,Lillian,Restivo,F,07-08-1989,07-08-1989,14-04-1998,78306,Customer Service
11280,04-01-1964,Lillian,Restivo,F,07-08-1989,07-08-1989,14-04-1998,78218,Customer Service
11280,04-01-1964,Lillian,Restivo,F,07-08-1989,07-08-1989,14-04-1998,81046,Customer Service
11280,04-01-1964,Lillian,Restivo,F,07-08-1989,07-08-1989,14-04-1998,81259,Customer Service
11305,22-12-1960,Augustine,Schwabacher,F,11-04-1986,16-01-1990,01-01-9999,43393,Customer Service
11305,22-12-1960,Augustine,Schwabacher,F,11-04-1986,16-01-1990,01-01-9999,47598,Customer Service
11305,22-12-1960,Augustine,Schwabacher,F,11-04-1986,16-01-1990,01-01-9999,49794,Customer Service
11305,22-12-1960,Augustine,Schwabacher,F,11-04-1986,16-01-1990,01-01-9999,50793,Customer Service
11305,22-12-1960,Augustine,Schwabacher,F,11-04-1986,16-01-1990,01-01-9999,53980,Customer Service
11305,22-12-1960,Augustine,Schwabacher,F,11-04-1986,16-01-1990,01-01-9999,54424,Customer Service
11305,22-12-1960,Augustine,Schwabacher,F,11-04-1986,16-01-1990,01-01-9999,56626,Customer Service
11305,22-12-1960,Augustine,Schwabacher,F,11-04-1986,16-01-1990,01-01-9999,58307,Customer Service
11305,22-12-1960,Augustine,Schwabacher,F,11-04-1986,16-01-1990,01-01-9999,59212,Customer Service
11305,22-12-1960,Augustine,Schwabacher,F,11-04-1986,16-01-1990,01-01-9999,61724,Customer Service
11305,22-12-1960,Augustine,Schwabacher,F,11-04-1986,16-01-1990,01-01-9999,64687,Customer Service
11305,22-12-1960,Augustine,Schwabacher,F,11-04-1986,16-01-1990,01-01-9999,67687,Customer Service
11305,22-12-1960,Augustine,Schwabacher,F,11-04-1986,16-01-1990,01-01-9999,71394,Customer Service
11308,23-02-1958,Tadahiro,Tibblin,F,07-08-1986,31-05-1988,24-02-1993,44014,Customer Service
11308,23-02-1958,Tadahiro,Tibblin,F,07-08-1986,31-05-1988,24-02-1993,48325,Customer Service
11308,23-02-1958,Tadahiro,Tibblin,F,07-08-1986,31-05-1988,24-02-1993,50416,Customer Service
11308,23-02-1958,Tadahiro,Tibblin,F,07-08-1986,31-05-1988,24-02-1993,51683,Customer Service
11308,23-02-1958,Tadahiro,Tibblin,F,07-08-1986,31-05-1988,24-02-1993,51548,Customer Service
11308,23-02-1958,Tadahiro,Tibblin,F,07-08-1986,31-05-1988,24-02-1993,54207,Customer Service
11308,23-02-1958,Tadahiro,Tibblin,F,07-08-1986,31-05-1988,24-02-1993,53859,Customer Service
11308,23-02-1958,Tadahiro,Tibblin,F,07-08-1986,31-05-1988,24-02-1993,54970,Customer Service
11308,23-02-1958,Tadahiro,Tibblin,F,07-08-1986,31-05-1988,24-02-1993,58459,Customer Service
11308,23-02-1958,Tadahiro,Tibblin,F,07-08-1986,31-05-1988,24-02-1993,62564,Customer Service
11308,23-02-1958,Tadahiro,Tibblin,F,07-08-1986,31-05-1988,24-02-1993,62298,Customer Service
11308,23-02-1958,Tadahiro,Tibblin,F,07-08-1986,31-05-1988,24-02-1993,62386,Customer Service
11308,23-02-1958,Tadahiro,Tibblin,F,07-08-1986,31-05-1988,24-02-1993,62962,Customer Service
11314,28-12-1958,Vasiliy,Jenevein,F,10-04-1990,10-04-1990,01-01-9999,40000,Customer Service
11314,28-12-1958,Vasiliy,Jenevein,F,10-04-1990,10-04-1990,01-01-9999,42391,Customer Service
11314,28-12-1958,Vasiliy,Jenevein,F,10-04-1990,10-04-1990,01-01-9999,43645,Customer Service
11314,28-12-1958,Vasiliy,Jenevein,F,10-04-1990,10-04-1990,01-01-9999,46215,Customer Service
11314,28-12-1958,Vasiliy,Jenevein,F,10-04-1990,10-04-1990,01-01-9999,50233,Customer Service
11314,28-12-1958,Vasiliy,Jenevein,F,10-04-1990,10-04-1990,01-01-9999,50852,Customer Service
11314,28-12-1958,Vasiliy,Jenevein,F,10-04-1990,10-04-1990,01-01-9999,53652,Customer Service
11314,28-12-1958,Vasiliy,Jenevein,F,10-04-1990,10-04-1990,01-01-9999,56960,Customer Service
11314,28-12-1958,Vasiliy,Jenevein,F,10-04-1990,10-04-1990,01-01-9999,59685,Customer Service
11314,28-12-1958,Vasiliy,Jenevein,F,10-04-1990,10-04-1990,01-01-9999,61742,Customer Service
11314,28-12-1958,Vasiliy,Jenevein,F,10-04-1990,10-04-1990,01-01-9999,62248,Customer Service
11314,28-12-1958,Vasiliy,Jenevein,F,10-04-1990,10-04-1990,01-01-9999,65182,Customer Service
11314,28-12-1958,Vasiliy,Jenevein,F,10-04-1990,10-04-1990,01-01-9999,65753,Customer Service
11327,20-07-1959,Irena,Krohm,M,02-05-1990,18-05-1997,01-01-9999,40000,Customer Service
11327,20-07-1959,Irena,Krohm,M,02-05-1990,18-05-1997,01-01-9999,40490,Customer Service
11327,20-07-1959,Irena,Krohm,M,02-05-1990,18-05-1997,01-01-9999,41519,Customer Service
11327,20-07-1959,Irena,Krohm,M,02-05-1990,18-05-1997,01-01-9999,44742,Customer Service
11327,20-07-1959,Irena,Krohm,M,02-05-1990,18-05-1997,01-01-9999,48768,Customer Service
11327,20-07-1959,Irena,Krohm,M,02-05-1990,18-05-1997,01-01-9999,49772,Customer Service
11327,20-07-1959,Irena,Krohm,M,02-05-1990,18-05-1997,01-01-9999,51895,Customer Service
11327,20-07-1959,Irena,Krohm,M,02-05-1990,18-05-1997,01-01-9999,54156,Customer Service
11327,20-07-1959,Irena,Krohm,M,02-05-1990,18-05-1997,01-01-9999,56852,Customer Service
11327,20-07-1959,Irena,Krohm,M,02-05-1990,18-05-1997,01-01-9999,57636,Customer Service
11327,20-07-1959,Irena,Krohm,M,02-05-1990,18-05-1997,01-01-9999,60218,Customer Service
11327,20-07-1959,Irena,Krohm,M,02-05-1990,18-05-1997,01-01-9999,62144,Customer Service
11327,20-07-1959,Irena,Krohm,M,02-05-1990,18-05-1997,01-01-9999,62619,Customer Service
11335,20-11-1960,Bernd,Plump,M,08-10-1991,08-10-1991,25-07-1994,40000,Customer Service
11335,20-11-1960,Bernd,Plump,M,08-10-1991,08-10-1991,25-07-1994,40397,Customer Service
11335,20-11-1960,Bernd,Plump,M,08-10-1991,08-10-1991,25-07-1994,43220,Customer Service
11335,20-11-1960,Bernd,Plump,M,08-10-1991,08-10-1991,25-07-1994,44468,Customer Service
11335,20-11-1960,Bernd,Plump,M,08-10-1991,08-10-1991,25-07-1994,45255,Customer Service
11335,20-11-1960,Bernd,Plump,M,08-10-1991,08-10-1991,25-07-1994,46275,Customer Service
11335,20-11-1960,Bernd,Plump,M,08-10-1991,08-10-1991,25-07-1994,47675,Customer Service
11335,20-11-1960,Bernd,Plump,M,08-10-1991,08-10-1991,25-07-1994,47975,Customer Service
11335,20-11-1960,Bernd,Plump,M,08-10-1991,08-10-1991,25-07-1994,47544,Customer Service
